url,page_type,cluster,primary_query,impressions,avg_position,estimated_click_uplift,technical_gate,serp_title_action,meta_action,first_screen_action,internal_link_action,cta_action,execution_owner,notes
https://www.biyapay.com/en/blogdetail/2320-how-the-chase-withdrawal-limit-works-for-your-acco,blogdetail,Blogdetail high-impression cluster,chase atm withdrawal limit,113076,4.98,3207,Fix technical blocker before content edits | Resolve status 502,"Rewrite title to match query 'chase atm withdrawal limit' directly, lead with the exact user problem, add year/context only if it improves click intent","Write a concrete meta description with answer preview, cost/limit/result hint, and one commercial bridge if relevant","Make the first screen answer 'chase atm withdrawal limit' in 2-4 lines, then add structured summary, FAQ, and product handoff block",Link to relevant sendmoney/converter/compare/product pages and 2-4 tightly related articles/tools,"Add a contextual CTA: check rate, compare fees, start transfer, or download app depending on query intent",SEO + Content + Product,
https://www.biyapay.com/blogdetail/1071-what-is-the-withdrawal-limit-of-chase-an,blogdetail,Blogdetail high-impression cluster,chase atm withdrawal limit,88944,3.92,2510,Need host-specific crawl or technical validation,"Rewrite title to match query 'chase atm withdrawal limit' directly, lead with the exact user problem, add year/context only if it improves click intent","Write a concrete meta description with answer preview, cost/limit/result hint, and one commercial bridge if relevant","Make the first screen answer 'chase atm withdrawal limit' in 2-4 lines, then add structured summary, FAQ, and product handoff block",Link to relevant sendmoney/converter/compare/product pages and 2-4 tightly related articles/tools,"Add a contextual CTA: check rate, compare fees, start transfer, or download app depending on query intent",SEO + Content + Product,
https://www.biyapay.com/en/blogdetail/1058-telephone-area-codes-in-mexico-a-guide-to-calling,blogdetail,Blogdetail high-impression cluster,+52 country code,74215,6.63,1074,No hard blocker in current dataset,"Rewrite title to match query '+52 country code' directly, lead with the exact user problem, add year/context only if it improves click intent","Write a concrete meta description with answer preview, cost/limit/result hint, and one commercial bridge if relevant","Make the first screen answer '+52 country code' in 2-4 lines, then add structured summary, FAQ, and product handoff block",Link to relevant sendmoney/converter/compare/product pages and 2-4 tightly related articles/tools,"Add a contextual CTA: check rate, compare fees, start transfer, or download app depending on query intent",SEO + Content + Product,
https://www.biyapay.com/en/blogdetail/1054-what-is-the-withdrawal-limit-of-bank-of,blogdetail,Blogdetail high-impression cluster,atm withdrawal limit bank of america,69778,8.75,1014,No hard blocker in current dataset,"Rewrite title to match query 'atm withdrawal limit bank of america' directly, lead with the exact user problem, add year/context only if it improves click intent","Write a concrete meta description with answer preview, cost/limit/result hint, and one commercial bridge if relevant","Make the first screen answer 'atm withdrawal limit bank of america' in 2-4 lines, then add structured summary, FAQ, and product handoff block",Link to relevant sendmoney/converter/compare/product pages and 2-4 tightly related articles/tools,"Add a contextual CTA: check rate, compare fees, start transfer, or download app depending on query intent",SEO + Content + Product,
https://www.biyapay.com/en/blogdetail/2572-wechat-realname-authentication-how-overseas-users,blogdetail,Blogdetail high-impression cluster,wechat real name verification,37273,4.47,987,No hard blocker in current dataset,"Rewrite title to match query 'wechat real name verification' directly, lead with the exact user problem, add year/context only if it improves click intent","Write a concrete meta description with answer preview, cost/limit/result hint, and one commercial bridge if relevant","Make the first screen answer 'wechat real name verification' in 2-4 lines, then add structured summary, FAQ, and product handoff block",Link to relevant sendmoney/converter/compare/product pages and 2-4 tightly related articles/tools,"Add a contextual CTA: check rate, compare fees, start transfer, or download app depending on query intent",SEO + Content + Product,
https://www.biyapay.com/zh/converter/JPY-HKD-converter,converter,Converter template cluster,,18017,9.23,258,No hard blocker in current dataset,"Rewrite title around exact pair + amount/use-case variants, include live exchange intent and user language","Describe rate check, conversion amount, live rate utility, and related corridor/fee context","Put conversion result, rate timestamp, amount examples, fee/remittance context, and related currency links above the fold","Link to inverse pair, nearby currency pairs, remittance corridors, and compare pages",Add primary CTA to rate/transfer flow and secondary CTA to download or signup,SEO + Content + Product,
https://www.biyapay.com/zh/converter/EUR-USD-converter,converter,Converter template cluster,,7825,9.42,113,No hard blocker in current dataset,"Rewrite title around exact pair + amount/use-case variants, include live exchange intent and user language","Describe rate check, conversion amount, live rate utility, and related corridor/fee context","Put conversion result, rate timestamp, amount examples, fee/remittance context, and related currency links above the fold","Link to inverse pair, nearby currency pairs, remittance corridors, and compare pages",Add primary CTA to rate/transfer flow and secondary CTA to download or signup,SEO + Content + Product,
https://www.biyapay.com/zh/converter/THB-USD-converter,converter,Converter template cluster,泰铢兑美金,6863,8.88,97,No hard blocker in current dataset,"Rewrite title around exact pair + amount/use-case variants, include live exchange intent and user language","Describe rate check, conversion amount, live rate utility, and related corridor/fee context","Put conversion result, rate timestamp, amount examples, fee/remittance context, and related currency links above the fold","Link to inverse pair, nearby currency pairs, remittance corridors, and compare pages",Add primary CTA to rate/transfer flow and secondary CTA to download or signup,SEO + Content + Product,
https://www.biyapay.com/zh/converter/JPY-USD-converter,converter,Converter template cluster,30万日元等于多少美金,6420,8.96,91,No hard blocker in current dataset,"Rewrite title around exact pair + amount/use-case variants, include live exchange intent and user language","Describe rate check, conversion amount, live rate utility, and related corridor/fee context","Put conversion result, rate timestamp, amount examples, fee/remittance context, and related currency links above the fold","Link to inverse pair, nearby currency pairs, remittance corridors, and compare pages",Add primary CTA to rate/transfer flow and secondary CTA to download or signup,SEO + Content + Product,
https://www.biyapay.com/zh/converter/PHP-USD-converter,converter,Converter template cluster,1比索等于多少美元,4356,8.89,62,No hard blocker in current dataset,"Rewrite title around exact pair + amount/use-case variants, include live exchange intent and user language","Describe rate check, conversion amount, live rate utility, and related corridor/fee context","Put conversion result, rate timestamp, amount examples, fee/remittance context, and related currency links above the fold","Link to inverse pair, nearby currency pairs, remittance corridors, and compare pages",Add primary CTA to rate/transfer flow and secondary CTA to download or signup,SEO + Content + Product,
https://www.biyapay.com/en/converter/AED-PKR-converter,converter,Converter template cluster,,3748,9.45,55,No hard blocker in current dataset,"Rewrite title around exact pair + amount/use-case variants, include live exchange intent and user language","Describe rate check, conversion amount, live rate utility, and related corridor/fee context","Put conversion result, rate timestamp, amount examples, fee/remittance context, and related currency links above the fold","Link to inverse pair, nearby currency pairs, remittance corridors, and compare pages",Add primary CTA to rate/transfer flow and secondary CTA to download or signup,SEO + Content + Product,
https://www.biyapay.com/compare/best-USD-PHP-exchange-rate?amount=1500,compare,Compare template cluster,1500 dollars to philippine peso,22598,7.89,338,Need host-specific crawl or technical validation,"Rewrite title around 'best exchange rate' intent with amount and pair, reduce generic template wording","Describe rate comparison result, amount context, and why this page is useful now","Show comparison result, amount input, provider/rate context, update time, and next-step CTA immediately","Link to converter pages, corridor pages, and related amount/pair comparisons",Add primary CTA to rate/transfer flow and secondary CTA to download or signup,SEO + Content + Product,
https://www.biyapay.com/en/blogdetail/1071-what-is-the-withdrawal-limit-of-chase-and-can-it-b,blogdetail,Blogdetail high-impression cluster,how much can i withdraw from chase atm,54830,6.94,728,No hard blocker in current dataset,"Rewrite title to match query 'how much can i withdraw from chase atm' directly, lead with the exact user problem, add year/context only if it improves click intent","Write a concrete meta description with answer preview, cost/limit/result hint, and one commercial bridge if relevant","Make the first screen answer 'how much can i withdraw from chase atm' in 2-4 lines, then add structured summary, FAQ, and product handoff block",Link to relevant sendmoney/converter/compare/product pages and 2-4 tightly related articles/tools,"Add a contextual CTA: check rate, compare fees, start transfer, or download app depending on query intent",SEO + Content + Product,
https://www.biyapay.com/en/blogdetail/2219-does-zelle-work-internationally-why-you-cant-use-i,blogdetail,Blogdetail high-impression cluster,does zelle work in india,49491,6.69,710,No hard blocker in current dataset,"Rewrite title to match query 'does zelle work in india' directly, lead with the exact user problem, add year/context only if it improves click intent","Write a concrete meta description with answer preview, cost/limit/result hint, and one commercial bridge if relevant","Make the first screen answer 'does zelle work in india' in 2-4 lines, then add structured summary, FAQ, and product handoff block",Link to relevant sendmoney/converter/compare/product pages and 2-4 tightly related articles/tools,"Add a contextual CTA: check rate, compare fees, start transfer, or download app depending on query intent",SEO + Content + Product,
https://www.biyapay.com/en/blogdetail/2056-what-are-the-costs-of-using-bank-of-america-cards,blogdetail,Blogdetail high-impression cluster,bank of america debit card foreign transaction fee,51194,8.34,698,No hard blocker in current dataset,"Rewrite title to match query 'bank of america debit card foreign transaction fee' directly, lead with the exact user problem, add year/context only if it improves click intent","Write a concrete meta description with answer preview, cost/limit/result hint, and one commercial bridge if relevant","Make the first screen answer 'bank of america debit card foreign transaction fee' in 2-4 lines, then add structured summary, FAQ, and product handoff block",Link to relevant sendmoney/converter/compare/product pages and 2-4 tightly related articles/tools,"Add a contextual CTA: check rate, compare fees, start transfer, or download app depending on query intent",SEO + Content + Product,
https://www.biyapay.com/compare/best-AED-INR-exchange-rates?amount=3000,compare,Compare template cluster,,16146,8.12,241,Need host-specific crawl or technical validation,"Rewrite title around 'best exchange rate' intent with amount and pair, reduce generic template wording","Describe rate comparison result, amount context, and why this page is useful now","Show comparison result, amount input, provider/rate context, update time, and next-step CTA immediately","Link to converter pages, corridor pages, and related amount/pair comparisons",Add primary CTA to rate/transfer flow and secondary CTA to download or signup,SEO + Content + Product,
https://www.biyapay.com/compare/best-AED-INR-exchange-rate?amount=1500,compare,Compare template cluster,1500 dirhams in rupees,14283,8.99,212,Need host-specific crawl or technical validation,"Rewrite title around 'best exchange rate' intent with amount and pair, reduce generic template wording","Describe rate comparison result, amount context, and why this page is useful now","Show comparison result, amount input, provider/rate context, update time, and next-step CTA immediately","Link to converter pages, corridor pages, and related amount/pair comparisons",Add primary CTA to rate/transfer flow and secondary CTA to download or signup,SEO + Content + Product,
https://www.biyapay.com/en/blogdetail/1983-a-complete-guide-to-chatgpt-plans-and-costs-in-the,blogdetail,Blogdetail high-impression cluster,how much is chatgpt plus uk,42947,7.71,588,No hard blocker in current dataset,"Rewrite title to match query 'how much is chatgpt plus uk' directly, lead with the exact user problem, add year/context only if it improves click intent","Write a concrete meta description with answer preview, cost/limit/result hint, and one commercial bridge if relevant","Make the first screen answer 'how much is chatgpt plus uk' in 2-4 lines, then add structured summary, FAQ, and product handoff block",Link to relevant sendmoney/converter/compare/product pages and 2-4 tightly related articles/tools,"Add a contextual CTA: check rate, compare fees, start transfer, or download app depending on query intent",SEO + Content + Product,
https://www.biyapay.com/compare/best-USD-PKR-exchange-rate?amount=1500,compare,Compare template cluster,,12604,6.88,188,Need host-specific crawl or technical validation,"Rewrite title around 'best exchange rate' intent with amount and pair, reduce generic template wording","Describe rate comparison result, amount context, and why this page is useful now","Show comparison result, amount input, provider/rate context, update time, and next-step CTA immediately","Link to converter pages, corridor pages, and related amount/pair comparisons",Add primary CTA to rate/transfer flow and secondary CTA to download or signup,SEO + Content + Product,
https://www.biyapay.com/compare/best-USD-GBP-exchange-rate?amount=1500,compare,Compare template cluster,,11778,8.57,177,Need host-specific crawl or technical validation,"Rewrite title around 'best exchange rate' intent with amount and pair, reduce generic template wording","Describe rate comparison result, amount context, and why this page is useful now","Show comparison result, amount input, provider/rate context, update time, and next-step CTA immediately","Link to converter pages, corridor pages, and related amount/pair comparisons",Add primary CTA to rate/transfer flow and secondary CTA to download or signup,SEO + Content + Product,
https://www.biyapay.com/en/blogdetail/2133-how-much-does-chase-charge-for-international-wire,blogdetail,Blogdetail high-impression cluster,chase international wire transfer fee,41827,9.56,558,No hard blocker in current dataset,"Rewrite title to match query 'chase international wire transfer fee' directly, lead with the exact user problem, add year/context only if it improves click intent","Write a concrete meta description with answer preview, cost/limit/result hint, and one commercial bridge if relevant","Make the first screen answer 'chase international wire transfer fee' in 2-4 lines, then add structured summary, FAQ, and product handoff block",Link to relevant sendmoney/converter/compare/product pages and 2-4 tightly related articles/tools,"Add a contextual CTA: check rate, compare fees, start transfer, or download app depending on query intent",SEO + Content + Product,
https://www.biyapay.com/compare/best-JPY-USD-exchange-rates?amount=1500,compare,Compare template cluster,,7960,8.18,119,Need host-specific crawl or technical validation,"Rewrite title around 'best exchange rate' intent with amount and pair, reduce generic template wording","Describe rate comparison result, amount context, and why this page is useful now","Show comparison result, amount input, provider/rate context, update time, and next-step CTA immediately","Link to converter pages, corridor pages, and related amount/pair comparisons",Add primary CTA to rate/transfer flow and secondary CTA to download or signup,SEO + Content + Product,
https://www.biyapay.com/compare/best-USD-INR-exchange-rate?amount=1500,compare,Compare template cluster,,7717,8.41,116,Need host-specific crawl or technical validation,"Rewrite title around 'best exchange rate' intent with amount and pair, reduce generic template wording","Describe rate comparison result, amount context, and why this page is useful now","Show comparison result, amount input, provider/rate context, update time, and next-step CTA immediately","Link to converter pages, corridor pages, and related amount/pair comparisons",Add primary CTA to rate/transfer flow and secondary CTA to download or signup,SEO + Content + Product,
https://invest.biyapay.com/en/markets/stocks/hk/hot-concept/bk1516-tencent-backed,stock,Stock intent mismatch cluster,tencent69806,66904,8.94,1004,Need host-specific crawl or technical validation,"Decide whether title should target trading intent, quote intent, or concept intent; remove ambiguous theme wording",Summarize price/market context and clarify what the page actually helps the user do,"Clarify whether this is quote, analysis, or trading page; reduce ambiguity on first screen",Link to broader market pages and clearer trading destinations,Add explicit trading or market CTA only if the page truly serves investment intent,SEO + Content + Product,
https://www.biyapay.com/en/blogdetail/523-can-you-cancel-an-apple-pay-payment-refund-steps-t,blogdetail,Blogdetail high-impression cluster,how to cancel apple pay payment,37791,6.05,497,No hard blocker in current dataset,"Rewrite title to match query 'how to cancel apple pay payment' directly, lead with the exact user problem, add year/context only if it improves click intent","Write a concrete meta description with answer preview, cost/limit/result hint, and one commercial bridge if relevant","Make the first screen answer 'how to cancel apple pay payment' in 2-4 lines, then add structured summary, FAQ, and product handoff block",Link to relevant sendmoney/converter/compare/product pages and 2-4 tightly related articles/tools,"Add a contextual CTA: check rate, compare fees, start transfer, or download app depending on query intent",SEO + Content + Product,
https://www.biyapay.com/compare/best-USD-AUD-exchange-rate?amount=1500,compare,Compare template cluster,,6153,8.67,91,Need host-specific crawl or technical validation,"Rewrite title around 'best exchange rate' intent with amount and pair, reduce generic template wording","Describe rate comparison result, amount context, and why this page is useful now","Show comparison result, amount input, provider/rate context, update time, and next-step CTA immediately","Link to converter pages, corridor pages, and related amount/pair comparisons",Add primary CTA to rate/transfer flow and secondary CTA to download or signup,SEO + Content + Product,
https://www.biyapay.com/compare/best-PHP-USD-exchange-rates?amount=20000,compare,Compare template cluster,,5915,9.43,89,Need host-specific crawl or technical validation,"Rewrite title around 'best exchange rate' intent with amount and pair, reduce generic template wording","Describe rate comparison result, amount context, and why this page is useful now","Show comparison result, amount input, provider/rate context, update time, and next-step CTA immediately","Link to converter pages, corridor pages, and related amount/pair comparisons",Add primary CTA to rate/transfer flow and secondary CTA to download or signup,SEO + Content + Product,
https://www.biyapay.com/compare/best-EUR-USD-exchange-rates?amount=1500,compare,Compare template cluster,1500 euro to usd,5267,8.71,78,Need host-specific crawl or technical validation,"Rewrite title around 'best exchange rate' intent with amount and pair, reduce generic template wording","Describe rate comparison result, amount context, and why this page is useful now","Show comparison result, amount input, provider/rate context, update time, and next-step CTA immediately","Link to converter pages, corridor pages, and related amount/pair comparisons",Add primary CTA to rate/transfer flow and secondary CTA to download or signup,SEO + Content + Product,
https://www.biyapay.com/compare/best-JPY-USD-exchange-rate?amount=1500,compare,Compare template cluster,,4969,6.88,75,Need host-specific crawl or technical validation,"Rewrite title around 'best exchange rate' intent with amount and pair, reduce generic template wording","Describe rate comparison result, amount context, and why this page is useful now","Show comparison result, amount input, provider/rate context, update time, and next-step CTA immediately","Link to converter pages, corridor pages, and related amount/pair comparisons",Add primary CTA to rate/transfer flow and secondary CTA to download or signup,SEO + Content + Product,
https://www.biyapay.com/compare/best-HKD-USD-exchange-rate?amount=1500,compare,Compare template cluster,1500 hong kong dollars to usd,5089,6.81,74,Need host-specific crawl or technical validation,"Rewrite title around 'best exchange rate' intent with amount and pair, reduce generic template wording","Describe rate comparison result, amount context, and why this page is useful now","Show comparison result, amount input, provider/rate context, update time, and next-step CTA immediately","Link to converter pages, corridor pages, and related amount/pair comparisons",Add primary CTA to rate/transfer flow and secondary CTA to download or signup,SEO + Content + Product,
