url,page_type,primary_query,impressions,avg_position,title_option_1,title_option_2,title_option_3,first_screen_rewrite,faq_block,internal_link_block,cta_block,technical_gate
https://www.biyapay.com/en/blogdetail/2320-how-the-chase-withdrawal-limit-works-for-your-acco,blogdetail,chase atm withdrawal limit,113076,4.98,"chase atm withdrawal limit: Answer, limits, fees, and what to do next","chase atm withdrawal limit: How it works, the real limit, and lower-cost alternatives","chase atm withdrawal limit: Updated guide with limits, fees, and transfer options","Open with a direct answer to 'chase atm withdrawal limit', then show a 3-bullet summary: limit/fee/availability or equivalent result","FAQ around 'chase atm withdrawal limit', hidden fees, limits, alternatives, international use, and edge cases",Link to 2-4 adjacent tools/pages plus one product destination,Primary CTA: compare fees/check rate. Secondary CTA: download app or start transfer,Review technical status before publishing
https://www.biyapay.com/en/blogdetail/1071-what-is-the-withdrawal-limit-of-chase-and-can-it-b,blogdetail,chase atm withdrawal limit,88944,3.92,"chase atm withdrawal limit: Answer, limits, fees, and what to do next","chase atm withdrawal limit: How it works, the real limit, and lower-cost alternatives","chase atm withdrawal limit: Updated guide with limits, fees, and transfer options","Open with a direct answer to 'chase atm withdrawal limit', then show a 3-bullet summary: limit/fee/availability or equivalent result","FAQ around 'chase atm withdrawal limit', hidden fees, limits, alternatives, international use, and edge cases",Link to 2-4 adjacent tools/pages plus one product destination,Primary CTA: compare fees/check rate. Secondary CTA: download app or start transfer,Review overlap with article 2320 before publishing both
https://www.biyapay.com/en/blogdetail/1058-telephone-area-codes-in-mexico-country-code-52-sim,blogdetail,+52 country code,74215,6.63,"+52 country code: Answer, dialing format, and common mistakes","+52 country code: Mexico calling format and examples","How to use +52 when calling Mexico from abroad","Open with a direct answer to '+52 country code', then show a 3-bullet summary: Mexico country code, dialing format, and common mistakes","FAQ around '+52 country code', Mexico dialing format, mobile numbers, failed calls, and international calling cost",Link to country tools plus converter/cross-border resources,Soft CTA: check cross-border tools. Secondary CTA: view rate/converter tool,Live 200 confirmed; tighten title and meta
https://www.biyapay.com/en/blogdetail/1054-what-is-the-withdrawal-limit-of-bank-of-america-at,blogdetail,atm withdrawal limit bank of america,69778,8.75,"Bank of America ATM Withdrawal Limit: Daily Caps, Fees, and Overseas Use","ATM Withdrawal Limit for Bank of America: Daily Cap, Fees, and Travel Use","Bank of America Daily ATM Limit: Fees, Caps, and International Use","Open with a direct answer to 'atm withdrawal limit bank of america', then show a 3-bullet summary: daily cap, foreign ATM fee, and better transfer alternative","FAQ around Bank of America daily ATM caps, foreign ATM fees, overseas withdrawal, account limits, and alternatives",Link to compare/converter/sendmoney pages plus one product destination,Primary CTA: compare fees/check rate. Secondary CTA: start transfer,Live 200 confirmed; tighten title and meta
https://www.biyapay.com/en/blogdetail/2572-wechat-realname-authentication-how-overseas-users,blogdetail,wechat real name verification,37273,4.47,"wechat real name verification: Answer, limits, fees, and what to do next","wechat real name verification: How it works, the real limit, and lower-cost alternatives","wechat real name verification: Updated guide with limits, fees, and transfer options","Open with a direct answer to 'wechat real name verification', then show a 3-bullet summary: limit/fee/availability or equivalent result","FAQ around 'wechat real name verification', hidden fees, limits, alternatives, international use, and edge cases",Link to 2-4 adjacent tools/pages plus one product destination,Primary CTA: compare fees/check rate. Secondary CTA: download app or start transfer,Review technical status before publishing
https://www.biyapay.com/zh/converter/JPY-HKD-converter,converter,,18017,9.23,JPY HKD live exchange rate and conversion,Convert currency pair instantly with live rate and amount examples,"Currency pair converter: live rate, examples, and transfer context","Open with live rate result, timestamp, common amount chips, and quick transfer context","FAQ around rate freshness, fees, spread, large amounts, and transfer timing",Link to 2-4 adjacent tools/pages plus one product destination,Primary CTA: start transfer/check live rate. Secondary CTA: download app,Review technical status before publishing
https://www.biyapay.com/zh/converter/EUR-USD-converter,converter,,7825,9.42,EUR USD live exchange rate and conversion,Convert currency pair instantly with live rate and amount examples,"Currency pair converter: live rate, examples, and transfer context","Open with live rate result, timestamp, common amount chips, and quick transfer context","FAQ around rate freshness, fees, spread, large amounts, and transfer timing",Link to 2-4 adjacent tools/pages plus one product destination,Primary CTA: start transfer/check live rate. Secondary CTA: download app,Review technical status before publishing
https://www.biyapay.com/zh/converter/THB-USD-converter,converter,泰铢兑美金,6863,8.88,泰铢兑美金 live exchange rate and conversion,Convert 泰铢兑美金 instantly with live rate and amount examples,"泰铢兑美金 converter: live rate, examples, and transfer context","Open with live rate result, timestamp, common amount chips, and quick transfer context","FAQ around rate freshness, fees, spread, large amounts, and transfer timing",Link to 2-4 adjacent tools/pages plus one product destination,Primary CTA: start transfer/check live rate. Secondary CTA: download app,Review technical status before publishing
https://www.biyapay.com/zh/converter/JPY-USD-converter,converter,30万日元等于多少美金,6420,8.96,30万日元等于多少美金 live exchange rate and conversion,Convert 30万日元等于多少美金 instantly with live rate and amount examples,"30万日元等于多少美金 converter: live rate, examples, and transfer context","Open with live rate result, timestamp, common amount chips, and quick transfer context","FAQ around rate freshness, fees, spread, large amounts, and transfer timing",Link to 2-4 adjacent tools/pages plus one product destination,Primary CTA: start transfer/check live rate. Secondary CTA: download app,Review technical status before publishing
https://www.biyapay.com/zh/converter/PHP-USD-converter,converter,1比索等于多少美元,4356,8.89,1比索等于多少美元 live exchange rate and conversion,Convert 1比索等于多少美元 instantly with live rate and amount examples,"1比索等于多少美元 converter: live rate, examples, and transfer context","Open with live rate result, timestamp, common amount chips, and quick transfer context","FAQ around rate freshness, fees, spread, large amounts, and transfer timing",Link to 2-4 adjacent tools/pages plus one product destination,Primary CTA: start transfer/check live rate. Secondary CTA: download app,Review technical status before publishing
