url,page_type,clicks,impressions,ctr,avg_position,primary_query,secondary_queries,opportunity_class,current_problem,recommended_action,estimated_click_uplift,estimated_business_value,priority,owner
https://www.biyapay.com/en/blogdetail/2320-how-the-chase-withdrawal-limit-works-for-your-acco,blogdetail,185,113076,0.16,4.98,chase atm withdrawal limit,how much can i withdraw from chase atm | chase bank atm withdrawal limit,A_fast_ctr_uplift,High-impression blog page with weak SERP click-through or weak commercial handoff,Improve title/snippet and add stronger product handoff modules and related-tool internal links,3207,medium,P1,SEO + Content + Product
https://www.biyapay.com/blogdetail/1071-what-is-the-withdrawal-limit-of-chase-an,blogdetail,158,88944,0.18,3.92,chase atm withdrawal limit,chase atm limit | chase withdrawal limit,A_fast_ctr_uplift,High-impression blog page with weak SERP click-through or weak commercial handoff,Improve title/snippet and add stronger product handoff modules and related-tool internal links,2510,medium,P1,SEO + Content + Product
https://www.biyapay.com/en/blogdetail/1058-telephone-area-codes-in-mexico-a-guide-to-calling,blogdetail,39,74215,0.05,6.63,+52 country code,what country code is 52 | mexico area codes,A_fast_ctr_uplift,High-impression blog page with weak SERP click-through or weak commercial handoff,Improve title/snippet and add stronger product handoff modules and related-tool internal links,1074,medium,P1,SEO + Content + Product
https://www.biyapay.com/en/blogdetail/1054-what-is-the-withdrawal-limit-of-bank-of,blogdetail,33,69778,0.05,8.75,atm withdrawal limit bank of america,bank of america withdrawal limit per day | atm withdrawal limit boa,A_fast_ctr_uplift,High-impression blog page with weak SERP click-through or weak commercial handoff,Improve title/snippet and add stronger product handoff modules and related-tool internal links,1014,medium,P1,SEO + Content + Product
https://invest.biyapay.com/en/markets/stocks/hk/hot-concept/bk1516-tencent-backed,stock,0,66904,0.0,8.94,tencent69806,tencent61985 | tencent30985,A_fast_ctr_uplift,Very low CTR relative to impressions,Improve SERP match and determine whether page should target trading intent or informational intent,1004,medium,P1,SEO + Content + Product
https://www.biyapay.com/en/blogdetail/2572-wechat-realname-authentication-how-overseas-users,blogdetail,131,37273,0.35,4.47,wechat real name verification,wechat real name authentication for foreigners | the real name document type of the current account,A_fast_ctr_uplift,High-impression blog page with weak SERP click-through or weak commercial handoff,Improve title/snippet and add stronger product handoff modules and related-tool internal links,987,medium,P1,SEO + Content + Product
https://www.biyapay.com/en/blogdetail/1071-what-is-the-withdrawal-limit-of-chase-and-can-it-b,blogdetail,94,54830,0.17,6.94,how much can i withdraw from chase atm,maximum atm withdrawal chase | chase bank cash withdrawal limit,A_fast_ctr_uplift,High-impression blog page with weak SERP click-through or weak commercial handoff,Improve title/snippet and add stronger product handoff modules and related-tool internal links,728,medium,P1,SEO + Content + Product
https://www.biyapay.com/en/blogdetail/2219-does-zelle-work-internationally-why-you-cant-use-i,blogdetail,32,49491,0.06,6.69,does zelle work in india,zelle app | can you send zelle internationally,A_fast_ctr_uplift,High-impression blog page with weak SERP click-through or weak commercial handoff,Improve title/snippet and add stronger product handoff modules and related-tool internal links,710,medium,P1,SEO + Content + Product
https://www.biyapay.com/en/blogdetail/2056-what-are-the-costs-of-using-bank-of-america-cards,blogdetail,70,51194,0.14,8.34,bank of america debit card foreign transaction fee,can i use my bank of america credit card internationally | does bank of america credit card charge foreign transaction fees,A_fast_ctr_uplift,High-impression blog page with weak SERP click-through or weak commercial handoff,Improve title/snippet and add stronger product handoff modules and related-tool internal links,698,medium,P1,SEO + Content + Product
https://www.biyapay.com/en/blogdetail/1983-a-complete-guide-to-chatgpt-plans-and-costs-in-the,blogdetail,56,42947,0.13,7.71,how much is chatgpt plus uk,chatgpt plus price uk | chatgpt cost uk,A_fast_ctr_uplift,High-impression blog page with weak SERP click-through or weak commercial handoff,Improve title/snippet and add stronger product handoff modules and related-tool internal links,588,medium,P1,SEO + Content + Product
https://www.biyapay.com/en/blogdetail/2133-how-much-does-chase-charge-for-international-wire,blogdetail,69,41827,0.16,9.56,chase international wire transfer fee,international incoming wire fee chase | chase incoming wire transfer fee,A_fast_ctr_uplift,High-impression blog page with weak SERP click-through or weak commercial handoff,Improve title/snippet and add stronger product handoff modules and related-tool internal links,558,medium,P1,SEO + Content + Product
https://www.biyapay.com/en/blogdetail/715-how-to-recharge-cash-app-with-a-credit-ca,blogdetail,116,43961,0.26,8.14,how to transfer money from credit card to cash app instantly,can you add money to cash app with a credit card | can you link a credit card to cash app,A_fast_ctr_uplift,High-impression blog page with weak SERP click-through or weak commercial handoff,Improve title/snippet and add stronger product handoff modules and related-tool internal links,543,medium,P1,SEO + Content + Product
https://www.biyapay.com/zh/blogdetail/957-how-much-transfer-in-the-us-will-be-inves,blogdetail,144,21440,0.67,3.98,美国汇款到中国会被查吗,美国转账多少会被查 | 美国能查到中国账户吗,A_fast_ctr_uplift,High-impression blog page with weak SERP click-through or weak commercial handoff,Improve title/snippet and add stronger product handoff modules and related-tool internal links,499,medium,P1,SEO + Content + Product
https://www.biyapay.com/en/blogdetail/523-can-you-cancel-an-apple-pay-payment-refund-steps-t,blogdetail,70,37791,0.19,6.05,how to cancel apple pay payment,how to cancel an apple pay payment | how to cancel a apple pay payment,A_fast_ctr_uplift,High-impression blog page with weak SERP click-through or weak commercial handoff,Improve title/snippet and add stronger product handoff modules and related-tool internal links,497,medium,P1,SEO + Content + Product
https://www.biyapay.com/en/blogdetail/881-how-many-cash-app-accounts-can-i-have-a-c,blogdetail,92,37732,0.24,7.11,can you have more than one cash app account,can you have multiple cash app accounts | can i have two cash app accounts,A_fast_ctr_uplift,High-impression blog page with weak SERP click-through or weak commercial handoff,Improve title/snippet and add stronger product handoff modules and related-tool internal links,474,medium,P1,SEO + Content + Product
https://www.biyapay.com/en/blogdetail/2155-how-to-add-the-indian-rupee-symbol-in-word-and-acr,blogdetail,23,32457,0.07,8.21,rupee symbol in word,how to write rupees symbol in word | rupees symbol in word code,A_fast_ctr_uplift,High-impression blog page with weak SERP click-through or weak commercial handoff,Improve title/snippet and add stronger product handoff modules and related-tool internal links,464,medium,P1,SEO + Content + Product
https://www.biyapay.com/en/blogdetail/2100-stepbystep-guide-to-moving-funds-from-prepaid-card,blogdetail,215,44549,0.48,7.41,transfer money from gift card to cash app,visa gift card to cash app | transfer money from virtual visa card to cash app,A_fast_ctr_uplift,High-impression blog page with weak SERP click-through or weak commercial handoff,Improve title/snippet and add stronger product handoff modules and related-tool internal links,453,medium,P1,SEO + Content + Product
https://www.biyapay.com/en/blogdetail/2311-adding-money-to-venmo-without-a-bank-account-made,blogdetail,70,33418,0.21,9.09,how to add money to venmo instantly,reload venmo card | venmo without bank account,A_fast_ctr_uplift,High-impression blog page with weak SERP click-through or weak commercial handoff,Improve title/snippet and add stronger product handoff modules and related-tool internal links,431,medium,P1,SEO + Content + Product
https://www.biyapay.com/en/blogdetail/2082-uncovering-the-maximum-amount-you-can-send-with-re,blogdetail,36,30064,0.12,7.22,remitly transfer limit,remitly money transfer limit | remitly transfer limit per month,A_fast_ctr_uplift,High-impression blog page with weak SERP click-through or weak commercial handoff,Improve title/snippet and add stronger product handoff modules and related-tool internal links,415,medium,P1,SEO + Content + Product
https://www.biyapay.com/en/blogdetail/389-apple-pay-limit-how-to-understand-and-manage-your,blogdetail,23,28962,0.08,8.89,what is the apple pay limit,apple cash transfer limits | maximum apple pay limit,A_fast_ctr_uplift,High-impression blog page with weak SERP click-through or weak commercial handoff,Improve title/snippet and add stronger product handoff modules and related-tool internal links,411,medium,P1,SEO + Content + Product
https://www.biyapay.com/en/blogdetail/2010-walmart-money-orders-made-easy-filling-out-fees-an,blogdetail,42,30095,0.14,8.06,walmart money order,walmart money order limit | money order walmart,A_fast_ctr_uplift,High-impression blog page with weak SERP click-through or weak commercial handoff,Improve title/snippet and add stronger product handoff modules and related-tool internal links,409,medium,P1,SEO + Content + Product
https://www.biyapay.com/en/blogdetail/2165-using-apple-pay-at-atms-what-you-need-to-know,blogdetail,52,29814,0.17,8.83,apple pay atm withdrawal,can i use my apple pay at an atm | can you use an atm with apple pay,A_fast_ctr_uplift,High-impression blog page with weak SERP click-through or weak commercial handoff,Improve title/snippet and add stronger product handoff modules and related-tool internal links,395,medium,P1,SEO + Content + Product
https://www.biyapay.com/en/blogdetail/792-how-to-add-a-gift-card-to-venmo-a-complet,blogdetail,218,39702,0.55,5.61,how to add visa gift card to venmo,can you add a visa gift card to venmo | can i add a visa gift card to venmo,A_fast_ctr_uplift,High-impression blog page with weak SERP click-through or weak commercial handoff,Improve title/snippet and add stronger product handoff modules and related-tool internal links,378,medium,P1,SEO + Content + Product
https://www.biyapay.com/en/blogdetail/2597-how-to-add-a-prepaid-card-to-cash-app-steps-and-ke,blogdetail,168,36076,0.47,7.49,can you add a prepaid card to cash app,can i add a prepaid card to cash app | can you use a prepaid card on cash app,A_fast_ctr_uplift,High-impression blog page with weak SERP click-through or weak commercial handoff,Improve title/snippet and add stronger product handoff modules and related-tool internal links,373,medium,P1,SEO + Content + Product
https://www.biyapay.com/en/blogdetail/1297-how-to-find-chase-routing-numbers-for-wire-transfe,blogdetail,42,26828,0.16,9.67,chase bank routing number texas,chase domestic wire routing number | routing 02100021,A_fast_ctr_uplift,High-impression blog page with weak SERP click-through or weak commercial handoff,Improve title/snippet and add stronger product handoff modules and related-tool internal links,360,medium,P1,SEO + Content + Product
https://www.biyapay.com/en/blogdetail/845-how-to-transfer-vanilla-gift-card-funds-to-a-bank,blogdetail,172,17553,0.98,4.55,transfer vanilla gift card to bank,can you transfer vanilla gift card to bank | how to get money off vanilla gift card,A_fast_ctr_uplift,High-impression blog page with weak SERP click-through or weak commercial handoff,Improve title/snippet and add stronger product handoff modules and related-tool internal links,355,medium,P1,SEO + Content + Product
https://www.biyapay.com/en/blogdetail/3181-sse-composite-index-vs-csi-300-index-which-better,blogdetail,3,11827,0.03,5.0,shanghai composite index vs csi 300,y,A_fast_ctr_uplift,High-impression blog page with weak SERP click-through or weak commercial handoff,Improve title/snippet and add stronger product handoff modules and related-tool internal links,352,medium,P1,SEO + Content + Product
https://www.biyapay.com/compare/best-USD-PHP-exchange-rate?amount=1500,compare,1,22598,0.0,7.89,1500 dollars to philippine peso,,A_fast_ctr_uplift,Template page has search visibility but weak click capture and likely weak intent match,"Rewrite title/meta, add clear comparison summary, strengthen first-screen data and related links",338,high,P1,SEO + Content + Product
https://www.biyapay.com/en/blogdetail/2337-what-does-it-really-cost-to-own-a-private-island-i,blogdetail,52,25820,0.2,5.87,how much does a private island cost,how much does an island cost to own | how much does an island cost,A_fast_ctr_uplift,High-impression blog page with weak SERP click-through or weak commercial handoff,Improve title/snippet and add stronger product handoff modules and related-tool internal links,335,medium,P1,SEO + Content + Product
https://www.biyapay.com/en/blogdetail/2090-how-much-can-you-send-with-western-union-transfer,blogdetail,39,24611,0.16,8.52,western union limit per day,western union limit per day international | western union limit,A_fast_ctr_uplift,High-impression blog page with weak SERP click-through or weak commercial handoff,Improve title/snippet and add stronger product handoff modules and related-tool internal links,330,medium,P1,SEO + Content + Product
https://www.biyapay.com/en/blogdetail/2241-how-foreigners-can-set-up-and-use-wechat-pay-in-ch,blogdetail,41,24360,0.17,9.42,wechat,how to get wechat verified,A_fast_ctr_uplift,High-impression blog page with weak SERP click-through or weak commercial handoff,Improve title/snippet and add stronger product handoff modules and related-tool internal links,324,medium,P1,SEO + Content + Product
https://www.biyapay.com/en/blogDetail/1834-complete-guide-to-bank-of-china-code-and-branch-co,blogdetail,43,12173,0.35,4.92,bank of china branch code,bank of china bank code | bochk branch code,A_fast_ctr_uplift,High-impression blog page with weak SERP click-through or weak commercial handoff,Improve title/snippet and add stronger product handoff modules and related-tool internal links,322,medium,P1,SEO + Content + Product
https://www.biyapay.com/en/blogdetail/2334-money-order-fees-limits-what-youll-pay-and-how-to,blogdetail,10,22016,0.05,7.45,walgreens money order,does walgreens have money orders | can i get a money order at walgreens,A_fast_ctr_uplift,High-impression blog page with weak SERP click-through or weak commercial handoff,Improve title/snippet and add stronger product handoff modules and related-tool internal links,320,medium,P1,SEO + Content + Product
https://www.biyapay.com/en/blogdetail/936-how-much-can-you-send-with-zelle-transfer-limits-a,blogdetail,33,39909,0.08,13.22,zelle sending limit,how do i do a wire transfer,B_rank_push_with_content,High-impression blog page with weak SERP click-through or weak commercial handoff,Improve title/snippet and add stronger product handoff modules and related-tool internal links,286,medium,P1,SEO + Content + Product
https://www.biyapay.com/en/blogdetail/2144-understanding-paypal-goods-and-services-and-how-to,blogdetail,32,21177,0.15,9.99,paypal goods and services,how does paypal goods and services work | what is paypal goods and services,A_fast_ctr_uplift,High-impression blog page with weak SERP click-through or weak commercial handoff,Improve title/snippet and add stronger product handoff modules and related-tool internal links,286,medium,P1,SEO + Content + Product
https://www.biyapay.com/en/blogdetail/2177-stepbystep-guide-to-sending-money-from-zelle-to-pa,blogdetail,37,21443,0.17,6.92,does paypal have zelle,zelle to paypal | can you send money from zelle to paypal,A_fast_ctr_uplift,High-impression blog page with weak SERP click-through or weak commercial handoff,Improve title/snippet and add stronger product handoff modules and related-tool internal links,285,medium,P1,SEO + Content + Product
https://www.biyapay.com/en/blogdetail/3853-openai-chatgpt-payment-declined-a-card-declined-tr,blogdetail,28,20706,0.14,8.17,payment was not approved chatgpt,chatgpt payment was not approved | payment was not approved openai,A_fast_ctr_uplift,High-impression blog page with weak SERP click-through or weak commercial handoff,Improve title/snippet and add stronger product handoff modules and related-tool internal links,283,medium,P1,SEO + Content + Product
https://www.biyapay.com/en/blogdetail/1807-hsbc-stock-account-fees-monthly-charges-and-tradin,blogdetail,12,19291,0.06,7.56,,,A_fast_ctr_uplift,High-impression blog page with weak SERP click-through or weak commercial handoff,Improve title/snippet and add stronger product handoff modules and related-tool internal links,277,medium,P1,SEO + Content + Product
https://www.biyapay.com/en/blogdetail/1828-hsbc-english-name-and-hong-kong-major-bank-codes-a,blogdetail,12,18065,0.07,8.29,hsbc hong kong bank code,,A_fast_ctr_uplift,High-impression blog page with weak SERP click-through or weak commercial handoff,Improve title/snippet and add stronger product handoff modules and related-tool internal links,259,medium,P1,SEO + Content + Product
https://www.biyapay.com/zh/converter/JPY-HKD-converter,converter,12,18017,0.07,9.23,,,A_fast_ctr_uplift,Template page has search visibility but weak click capture and likely weak intent match,"Rewrite title/meta, add rate summary, fee/amount context, FAQ, and currency-grid internal links",258,high,P1,SEO + Content + Product
https://www.biyapay.com/en/blogdetail/1048-how-long-does-it-take-for-american-express-to-tran,blogdetail,50,20472,0.24,6.68,how long does amex savings transfer take,amex savings transfer time,A_fast_ctr_uplift,High-impression blog page with weak SERP click-through or weak commercial handoff,Improve title/snippet and add stronger product handoff modules and related-tool internal links,257,medium,P1,SEO + Content + Product
https://www.biyapay.com/en/blogdetail/2173-how-to-set-up-and-use-revolut-in-the-usa-as-a-new,blogdetail,33,18375,0.18,8.62,revolut,revolut usa | revoult,A_fast_ctr_uplift,High-impression blog page with weak SERP click-through or weak commercial handoff,Improve title/snippet and add stronger product handoff modules and related-tool internal links,243,medium,P1,SEO + Content + Product
https://www.biyapay.com/en/blogdetail/883-apple-pay-transfer-fees-explained-when-its-free-wh,blogdetail,11,16965,0.06,9.57,apple pay transfer fee,apple pay deposit fee,A_fast_ctr_uplift,High-impression blog page with weak SERP click-through or weak commercial handoff,Improve title/snippet and add stronger product handoff modules and related-tool internal links,243,medium,P1,SEO + Content + Product
https://www.biyapay.com/compare/best-AED-INR-exchange-rates?amount=3000,compare,1,16146,0.01,8.12,,,A_fast_ctr_uplift,Template page has search visibility but weak click capture and likely weak intent match,"Rewrite title/meta, add clear comparison summary, strengthen first-screen data and related links",241,high,P1,SEO + Content + Product
https://www.biyapay.com/blogdetail/1074-is-zelle-a-wire-transfer-or-an-ach-things-you-shou,blogdetail,16,8348,0.19,4.64,is zelle a wire transfer,zelle vs ach | wire transfer,A_fast_ctr_uplift,High-impression blog page with weak SERP click-through or weak commercial handoff,Improve title/snippet and add stronger product handoff modules and related-tool internal links,234,medium,P1,SEO + Content + Product
https://www.biyapay.com/compare/best-AED-INR-exchange-rate?amount=1500,compare,2,14283,0.01,8.99,1500 dirhams in rupees,1500aed to inr,A_fast_ctr_uplift,Template page has search visibility but weak click capture and likely weak intent match,"Rewrite title/meta, add clear comparison summary, strengthen first-screen data and related links",212,high,P1,SEO + Content + Product
https://www.biyapay.com/en/blogdetail/2033-venmo-business-fees-what-you-pay-per-sale-and-how,blogdetail,7,14379,0.05,8.83,,,A_fast_ctr_uplift,High-impression blog page with weak SERP click-through or weak commercial handoff,Improve title/snippet and add stronger product handoff modules and related-tool internal links,209,medium,P1,SEO + Content + Product
https://www.biyapay.com/en/blogdetail/2176-mastering-the-dollar-sign-key-on-different-keyboar,blogdetail,9,13977,0.06,8.01,how to get dollar sign on mac,,A_fast_ctr_uplift,High-impression blog page with weak SERP click-through or weak commercial handoff,Improve title/snippet and add stronger product handoff modules and related-tool internal links,201,medium,P1,SEO + Content + Product
https://www.biyapay.com/en/blogdetail/781-how-to-transfer-the-balance-of-google-play-to-goog,blogdetail,237,29022,0.82,7.11,google play balance transfer,google play balance | how to transfer google play balance,A_fast_ctr_uplift,High-impression blog page with weak SERP click-through or weak commercial handoff,Improve title/snippet and add stronger product handoff modules and related-tool internal links,198,medium,P1,SEO + Content + Product
https://www.biyapay.com/en/blogdetail/3307-the-ultimate-realtime-data-test-google-vs-yahoo-fi,blogdetail,25,7432,0.34,4.61,google finance vs yahoo finance,is yfinance free | google finance or yahoo finance,A_fast_ctr_uplift,High-impression blog page with weak SERP click-through or weak commercial handoff,Improve title/snippet and add stronger product handoff modules and related-tool internal links,198,medium,P1,SEO + Content + Product
https://www.biyapay.com/en/blogdetail/2008-remitly-fees-and-transfer-costs-made-simple-for-us,blogdetail,20,14041,0.14,8.24,remitly fee,remitly express transfer fee | what are remitly fees,A_fast_ctr_uplift,High-impression blog page with weak SERP click-through or weak commercial handoff,Improve title/snippet and add stronger product handoff modules and related-tool internal links,191,medium,P1,SEO + Content + Product
https://www.biyapay.com/en/blogdetail/2271-xoom-vs-paypal-a-side-by-side-look-at-transfer-fee,blogdetail,22,14065,0.16,8.39,xoom,xoom money transfer | paypal vs xoom,A_fast_ctr_uplift,High-impression blog page with weak SERP click-through or weak commercial handoff,Improve title/snippet and add stronger product handoff modules and related-tool internal links,189,medium,P1,SEO + Content + Product
https://www.biyapay.com/blogdetail/884-how-much-are-the-transfer-fees-for-apple-pay-a-com,blogdetail,7,12992,0.05,7.46,,,A_fast_ctr_uplift,High-impression blog page with weak SERP click-through or weak commercial handoff,Improve title/snippet and add stronger product handoff modules and related-tool internal links,188,medium,P1,SEO + Content + Product
https://www.biyapay.com/compare/best-USD-PKR-exchange-rate?amount=1500,compare,1,12604,0.01,6.88,,,A_fast_ctr_uplift,Template page has search visibility but weak click capture and likely weak intent match,"Rewrite title/meta, add clear comparison summary, strengthen first-screen data and related links",188,high,P1,SEO + Content + Product
https://www.biyapay.com/en/blogdetail/2174-is-wise-safe-for-large-transfers-and-everyday-use,blogdetail,10,13010,0.08,9.11,is wise bank safe,what about wise,A_fast_ctr_uplift,High-impression blog page with weak SERP click-through or weak commercial handoff,Improve title/snippet and add stronger product handoff modules and related-tool internal links,185,medium,P1,SEO + Content + Product
https://www.biyapay.com/en/blogdetail/2264-wave-accounting-review-2025-pros-and-cons-for-smal,blogdetail,3,12439,0.02,7.75,,,A_fast_ctr_uplift,High-impression blog page with weak SERP click-through or weak commercial handoff,Improve title/snippet and add stronger product handoff modules and related-tool internal links,184,medium,P1,SEO + Content + Product
https://www.biyapay.com/en/blogdetail/2107-does-google-pay-charge-fees-full-breakdown,blogdetail,31,14196,0.22,7.21,does google pay charge a fee,google pay transaction fee | does google pay charge a fee for credit card,A_fast_ctr_uplift,High-impression blog page with weak SERP click-through or weak commercial handoff,Improve title/snippet and add stronger product handoff modules and related-tool internal links,182,medium,P1,SEO + Content + Product
https://www.biyapay.com/en/blogdetail/2433-comprehensive-guide-to-hong-kong-stock-trading-fee,blogdetail,3,12085,0.02,7.6,,,A_fast_ctr_uplift,High-impression blog page with weak SERP click-through or weak commercial handoff,Improve title/snippet and add stronger product handoff modules and related-tool internal links,178,medium,P1,SEO + Content + Product
https://www.biyapay.com/compare/best-USD-GBP-exchange-rate?amount=1500,compare,0,11778,0.0,8.57,,,A_fast_ctr_uplift,Template page has search visibility but weak click capture and likely weak intent match,"Rewrite title/meta, add clear comparison summary, strengthen first-screen data and related links",177,high,P1,SEO + Content + Product
https://www.biyapay.com/en/blogdetail/2026-is-your-data-safe-with-alipay-how-the-platform-gua,blogdetail,19,12940,0.15,6.73,is alipay safe,,A_fast_ctr_uplift,High-impression blog page with weak SERP click-through or weak commercial handoff,Improve title/snippet and add stronger product handoff modules and related-tool internal links,175,medium,P1,SEO + Content + Product
https://www.biyapay.com/en/blogdetail/2284-understanding-chatgpt-pricing-and-subscription-opt,blogdetail,18,12723,0.14,8.6,how much is chatgpt plus uk,chatgpt subscription | chatgpt pro price uk,A_fast_ctr_uplift,High-impression blog page with weak SERP click-through or weak commercial handoff,Improve title/snippet and add stronger product handoff modules and related-tool internal links,173,medium,P1,SEO + Content + Product
https://www.biyapay.com/blogdetail/2010-walmart-money-orders-made-easy-filling-out-fees-an,blogdetail,5,11896,0.04,8.03,walmart money order limit,how much are money orders at walmart,A_fast_ctr_uplift,High-impression blog page with weak SERP click-through or weak commercial handoff,Improve title/snippet and add stronger product handoff modules and related-tool internal links,173,medium,P1,SEO + Content + Product
https://www.biyapay.com/en/blogdetail/792-post-how-to-add-a-gift-card-to-venmo-a-complet,blogdetail,95,17660,0.54,5.31,can you add a visa gift card to venmo,can you add visa gift card to venmo | mastercard gift card zip code venmo,A_fast_ctr_uplift,High-impression blog page with weak SERP click-through or weak commercial handoff,Improve title/snippet and add stronger product handoff modules and related-tool internal links,170,medium,P1,SEO + Content + Product
https://www.biyapay.com/en/blogdetail/1822-bank-code-vs-branch-code-how-to-tell-them-apart,blogdetail,42,13696,0.31,6.94,branch code,bank code and branch code | what is bank code and branch code,A_fast_ctr_uplift,High-impression blog page with weak SERP click-through or weak commercial handoff,Improve title/snippet and add stronger product handoff modules and related-tool internal links,163,medium,P1,SEO + Content + Product
https://www.biyapay.com/zh/blogdetail/1780-futu-niuniu-us-stock-fee-test-report-and,blogdetail,45,13719,0.33,7.61,富途牛牛 手續費,富途牛牛美股手續費 | 富途美股手續費,A_fast_ctr_uplift,High-impression blog page with weak SERP click-through or weak commercial handoff,Improve title/snippet and add stronger product handoff modules and related-tool internal links,161,medium,P1,SEO + Content + Product
https://www.biyapay.com/en/blogdetail/992-how-to-transfer-money-using-american-expr,blogdetail,23,12295,0.19,9.4,amex wire transfer,,A_fast_ctr_uplift,High-impression blog page with weak SERP click-through or weak commercial handoff,Improve title/snippet and add stronger product handoff modules and related-tool internal links,161,medium,P1,SEO + Content + Product
https://www.biyapay.com/en/blogdetail/2239-hong-kong-entry-requirements-for-philippine-passpo,blogdetail,19,12030,0.16,7.94,is philippine passport visa free in hongkong,,A_fast_ctr_uplift,High-impression blog page with weak SERP click-through or weak commercial handoff,Improve title/snippet and add stronger product handoff modules and related-tool internal links,161,medium,P1,SEO + Content + Product
https://www.biyapay.com/en/blogdetail/2194-how-to-dial-german-phone-numbers-from-outside-germ,blogdetail,15,11433,0.13,8.92,how to write a german phone number,germany phone number 11 digits | germany calling code,A_fast_ctr_uplift,High-impression blog page with weak SERP click-through or weak commercial handoff,Improve title/snippet and add stronger product handoff modules and related-tool internal links,156,medium,P1,SEO + Content + Product
https://www.biyapay.com/en/about,other,26,6061,0.43,3.39,biyapay,biyapay exchange,A_fast_ctr_uplift,Very low CTR relative to impressions,"Review title/meta, intent match, first screen, and internal links",156,medium,P1,SEO + Content + Product
https://www.biyapay.com/en/blogdetail/2588-apple-cash-international-usage-guide-transfer-proc,blogdetail,24,11475,0.21,7.0,does apple cash work in italy,,A_fast_ctr_uplift,High-impression blog page with weak SERP click-through or weak commercial handoff,Improve title/snippet and add stronger product handoff modules and related-tool internal links,148,medium,P1,SEO + Content + Product
https://www.biyapay.com/zh/blogdetail/3151-2026-latest-us-stock-broker-review-which-is-better,blogdetail,8,10241,0.08,6.38,,,A_fast_ctr_uplift,High-impression blog page with weak SERP click-through or weak commercial handoff,Improve title/snippet and add stronger product handoff modules and related-tool internal links,146,medium,P1,SEO + Content + Product
https://www.biyapay.com/en/blogdetail/577-gcash-international-number-registration-guide-deta,blogdetail,82,15149,0.54,6.3,gcash international number,gcash singapore number | gcash customer service international number philippines,A_fast_ctr_uplift,High-impression blog page with weak SERP click-through or weak commercial handoff,Improve title/snippet and add stronger product handoff modules and related-tool internal links,145,medium,P1,SEO + Content + Product
https://www.biyapay.com/blogdetail/1087-how-to-transfer-money-from-cashapp-to-paypal-a-com,blogdetail,9,10125,0.09,8.7,,,A_fast_ctr_uplift,High-impression blog page with weak SERP click-through or weak commercial handoff,Improve title/snippet and add stronger product handoff modules and related-tool internal links,143,medium,P1,SEO + Content + Product
https://www.biyapay.com/blogdetail/1033-post-how-to-check-the-current-status-of-an-ri,blogdetail,26,11094,0.23,8.19,ria tracking pin number,ria tracking | ria tracking number,A_fast_ctr_uplift,High-impression blog page with weak SERP click-through or weak commercial handoff,Improve title/snippet and add stronger product handoff modules and related-tool internal links,140,medium,P1,SEO + Content + Product
https://www.biyapay.com/en/blogdetail/2595-is-iban-the-same-as-an-account-number-differences,blogdetail,33,11423,0.29,7.7,is iban the same as account number,difference between iban and account number | account number vs iban,A_fast_ctr_uplift,High-impression blog page with weak SERP click-through or weak commercial handoff,Improve title/snippet and add stronger product handoff modules and related-tool internal links,138,medium,P1,SEO + Content + Product
https://www.biyapay.com/en/blogdetail/2568-alipay-international-credit-card-binding-tutorial,blogdetail,16,10057,0.16,6.48,alipay international card fee waived,alipay foreign credit card fee,A_fast_ctr_uplift,High-impression blog page with weak SERP click-through or weak commercial handoff,Improve title/snippet and add stronger product handoff modules and related-tool internal links,135,medium,P1,SEO + Content + Product
https://www.biyapay.com/en/blogdetail/2952-beginners-mustread-complete-breakdown-of-voo-ivv-a,blogdetail,3,9189,0.03,7.73,,,A_fast_ctr_uplift,High-impression blog page with weak SERP click-through or weak commercial handoff,Improve title/snippet and add stronger product handoff modules and related-tool internal links,135,medium,P1,SEO + Content + Product
https://www.biyapay.com/en/blogdetail/794-can-cash-app-be-used-in-mexico-remittance-account,blogdetail,22,10319,0.21,6.08,can i use my cash app card in mexico,can you use cash app in mexico | cash app mexico,A_fast_ctr_uplift,High-impression blog page with weak SERP click-through or weak commercial handoff,Improve title/snippet and add stronger product handoff modules and related-tool internal links,133,medium,P1,SEO + Content + Product
https://www.biyapay.com/en/blogdetail/878-analysis-of-cash-apps-sending-limits-how-to-increa,blogdetail,2,8913,0.02,9.71,,,A_fast_ctr_uplift,High-impression blog page with weak SERP click-through or weak commercial handoff,Improve title/snippet and add stronger product handoff modules and related-tool internal links,132,medium,P1,SEO + Content + Product
https://www.biyapay.com/en/blogdetail/3851-how-do-you-pay-for-the-openai-api-prepaid-setup-to,blogdetail,4,8584,0.05,6.6,,,A_fast_ctr_uplift,High-impression blog page with weak SERP click-through or weak commercial handoff,Improve title/snippet and add stronger product handoff modules and related-tool internal links,125,medium,P1,SEO + Content + Product
https://www.biyapay.com/zh/blogdetail/1656-a-comprehensive-guide-to-hsbc-customer-s,blogdetail,27,10018,0.27,7.74,hsbc 客戶 服務 熱線 真人,hsbc 客戶 服務 熱線 時間 | 匯豐銀行電話24小時,A_fast_ctr_uplift,High-impression blog page with weak SERP click-through or weak commercial handoff,Improve title/snippet and add stronger product handoff modules and related-tool internal links,123,medium,P1,SEO + Content + Product
https://www.biyapay.com/en/blogdetail/1698-hsbc-bank-branch-code-lookup-faq,blogdetail,46,11168,0.41,8.04,hsbc branch code,hsbc hk branch code list | hsbc hong kong branch code list,A_fast_ctr_uplift,High-impression blog page with weak SERP click-through or weak commercial handoff,Improve title/snippet and add stronger product handoff modules and related-tool internal links,122,medium,P1,SEO + Content + Product
https://www.biyapay.com/en/blogdetail/2087-all-you-need-to-know-about-moneygram-money-orders,blogdetail,14,8981,0.16,9.13,moneygram money order,moneygram money order limit | moneygram money orders,A_fast_ctr_uplift,High-impression blog page with weak SERP click-through or weak commercial handoff,Improve title/snippet and add stronger product handoff modules and related-tool internal links,121,medium,P1,SEO + Content + Product
https://www.biyapay.com/BlogDetail/845-how-to-transfer-vanilla-gift-card-funds-t,blogdetail,57,5890,0.97,3.69,how to transfer vanilla gift card to bank,can you transfer vanilla gift card to bank | can i transfer vanilla gift card to bank,A_fast_ctr_uplift,High-impression blog page with weak SERP click-through or weak commercial handoff,Improve title/snippet and add stronger product handoff modules and related-tool internal links,120,medium,P1,SEO + Content + Product
https://www.biyapay.com/zh/blogdetail/2572-wechat-realname-authentication-how-overseas-users,blogdetail,122,16080,0.76,6.13,微信实名认证,微信实名认证海外 | 微信支付海外实名认证,A_fast_ctr_uplift,High-impression blog page with weak SERP click-through or weak commercial handoff,Improve title/snippet and add stronger product handoff modules and related-tool internal links,119,medium,P1,SEO + Content + Product
https://www.biyapay.com/blogDetail/1046-how-to-remit-money-with-american-express,blogdetail,14,8836,0.16,8.12,american express instant international money transfer,american express remittance services | american express secure payment transfer features,A_fast_ctr_uplift,High-impression blog page with weak SERP click-through or weak commercial handoff,Improve title/snippet and add stronger product handoff modules and related-tool internal links,119,medium,P1,SEO + Content + Product
https://www.biyapay.com/en/blogdetail/2530-taobao-vs-tmall-which-is-better,blogdetail,6,8313,0.07,9.99,tmall,tianmao vs taobao,A_fast_ctr_uplift,High-impression blog page with weak SERP click-through or weak commercial handoff,Improve title/snippet and add stronger product handoff modules and related-tool internal links,119,medium,P1,SEO + Content + Product
https://www.biyapay.com/compare/best-JPY-USD-exchange-rates?amount=1500,compare,0,7960,0.0,8.18,,,A_fast_ctr_uplift,Template page has search visibility but weak click capture and likely weak intent match,"Rewrite title/meta, add clear comparison summary, strengthen first-screen data and related links",119,high,P1,SEO + Content + Product
https://www.biyapay.com/en/blogdetail/2432-hong-kong-stock-trading-fee-comparison-which-broke,blogdetail,19,9085,0.21,7.15,,,A_fast_ctr_uplift,High-impression blog page with weak SERP click-through or weak commercial handoff,Improve title/snippet and add stronger product handoff modules and related-tool internal links,117,medium,P1,SEO + Content + Product
https://www.biyapay.com/en/blogdetail/1046-how-to-remit-money-with-american-express,blogdetail,23,9239,0.25,8.59,money transfer american express,which money transfer accept american express,A_fast_ctr_uplift,High-impression blog page with weak SERP click-through or weak commercial handoff,Improve title/snippet and add stronger product handoff modules and related-tool internal links,116,medium,P1,SEO + Content + Product
https://www.biyapay.com/compare/best-USD-INR-exchange-rate?amount=1500,compare,0,7717,0.0,8.41,,,A_fast_ctr_uplift,Template page has search visibility but weak click capture and likely weak intent match,"Rewrite title/meta, add clear comparison summary, strengthen first-screen data and related links",116,high,P1,SEO + Content + Product
https://www.biyapay.com/en/blogdetail/3222-2025-indepth-review-of-east-west-bank-in-the-usa-r,blogdetail,0,7634,0.0,6.32,,,A_fast_ctr_uplift,High-impression blog page with weak SERP click-through or weak commercial handoff,Improve title/snippet and add stronger product handoff modules and related-tool internal links,115,medium,P1,SEO + Content + Product
https://www.biyapay.com/zh/converter/EUR-USD-converter,converter,4,7825,0.05,9.42,,,A_fast_ctr_uplift,Template page has search visibility but weak click capture and likely weak intent match,"Rewrite title/meta, add rate summary, fee/amount context, FAQ, and currency-grid internal links",113,high,P1,SEO + Content + Product
https://www.biyapay.com/en/blogdetail/2415-indepth-review-of-hong-kong-stock-trading-brokers,blogdetail,3,7759,0.04,8.16,interactive brokers hong kong review,,A_fast_ctr_uplift,High-impression blog page with weak SERP click-through or weak commercial handoff,Improve title/snippet and add stronger product handoff modules and related-tool internal links,113,medium,P1,SEO + Content + Product
https://www.biyapay.com/en/blogdetail/1396-which-is-better-unionpay-visa-or-masterc,blogdetail,39,10094,0.39,5.75,union pay vs visa,unionpay vs mastercard | visa vs unionpay,A_fast_ctr_uplift,High-impression blog page with weak SERP click-through or weak commercial handoff,Improve title/snippet and add stronger product handoff modules and related-tool internal links,112,medium,P1,SEO + Content + Product
https://www.biyapay.com/en/blogdetail/1016-can-cash-app-be-used-in-canada,blogdetail,4,7585,0.05,8.73,cash app canada,do canada have cash app,A_fast_ctr_uplift,High-impression blog page with weak SERP click-through or weak commercial handoff,Improve title/snippet and add stronger product handoff modules and related-tool internal links,110,medium,P1,SEO + Content + Product
https://www.biyapay.com/en/blogdetail/1656-a-comprehensive-guide-to-hsbc-customer-service-hot,blogdetail,9,7745,0.12,9.78,hsbc contact number,hsbc card center contact number,A_fast_ctr_uplift,High-impression blog page with weak SERP click-through or weak commercial handoff,Improve title/snippet and add stronger product handoff modules and related-tool internal links,107,medium,P1,SEO + Content + Product
https://www.biyapay.com/en/blogdetail/2891-tencent-adr-tcehy-vs-hong-kong-shares-00700-whats,blogdetail,11,3909,0.28,4.83,,,A_fast_ctr_uplift,High-impression blog page with weak SERP click-through or weak commercial handoff,Improve title/snippet and add stronger product handoff modules and related-tool internal links,106,medium,P1,SEO + Content + Product
https://www.biyapay.com/en/blogdetail/502-remitly-customer-service-number-how-to-enhance-you,blogdetail,37,9447,0.39,8.86,remitly phone number customer service number,remitly contact number | remitly customer service,A_fast_ctr_uplift,High-impression blog page with weak SERP click-through or weak commercial handoff,Improve title/snippet and add stronger product handoff modules and related-tool internal links,105,medium,P1,SEO + Content + Product
https://www.biyapay.com/en/blogdetail/3024-which-broker-for-us-stock-account-opening-comprehe,blogdetail,1,6957,0.01,8.18,,,A_fast_ctr_uplift,High-impression blog page with weak SERP click-through or weak commercial handoff,Improve title/snippet and add stronger product handoff modules and related-tool internal links,103,medium,P1,SEO + Content + Product
https://www.biyapay.com/en/blogdetail/2788-confused-between-csi-300-and-sse-composite-index-o,blogdetail,5,7054,0.07,8.94,sse composite index compare,,A_fast_ctr_uplift,High-impression blog page with weak SERP click-through or weak commercial handoff,Improve title/snippet and add stronger product handoff modules and related-tool internal links,101,medium,P1,SEO + Content + Product
https://www.biyapay.com/en/blogdetail/533-why-is-a-remitly-transaction-on-hold-understand-th,blogdetail,84,12245,0.69,5.05,remitly transaction on hold,why does remitly take so long | remitly sending paused,A_fast_ctr_uplift,High-impression blog page with weak SERP click-through or weak commercial handoff,Improve title/snippet and add stronger product handoff modules and related-tool internal links,100,medium,P1,SEO + Content + Product
https://www.biyapay.com/en/blogdetail/884-how-much-are-the-transfer-fees-for-apple-pay-a-com,blogdetail,6,7038,0.09,8.06,how much do apple pay charge to transfer money,apple pay transfer fee to bank | is apple pay safer than credit card,A_fast_ctr_uplift,High-impression blog page with weak SERP click-through or weak commercial handoff,Improve title/snippet and add stronger product handoff modules and related-tool internal links,100,medium,P1,SEO + Content + Product
https://www.biyapay.com/en/blogdetail/2594-are-there-fees-for-transferring-money-with-apple-p,blogdetail,4,6910,0.06,9.35,,,A_fast_ctr_uplift,High-impression blog page with weak SERP click-through or weak commercial handoff,Improve title/snippet and add stronger product handoff modules and related-tool internal links,100,medium,P1,SEO + Content + Product
https://www.biyapay.com/en/blogdetail/2146-what-bank-does-cash-app-use-with-plaid-in-2025,blogdetail,112,14001,0.8,6.7,what bank is cash app on plaid,does plaid work with cash app | does plaid support cash app,A_fast_ctr_uplift,High-impression blog page with weak SERP click-through or weak commercial handoff,Improve title/snippet and add stronger product handoff modules and related-tool internal links,98,medium,P1,SEO + Content + Product
https://www.biyapay.com/en/blogdetail/2226-what-you-need-to-know-before-deleting-your-paypal,blogdetail,19,7825,0.24,8.12,how long does it take to delete paypal account,,A_fast_ctr_uplift,High-impression blog page with weak SERP click-through or weak commercial handoff,Improve title/snippet and add stronger product handoff modules and related-tool internal links,98,medium,P1,SEO + Content + Product
https://www.biyapay.com/zh/converter/THB-USD-converter,converter,6,6863,0.09,8.88,泰铢兑美金,,A_fast_ctr_uplift,Template page has search visibility but weak click capture and likely weak intent match,"Rewrite title/meta, add rate summary, fee/amount context, FAQ, and currency-grid internal links",97,high,P1,SEO + Content + Product
https://www.biyapay.com/en/blogdetail/2129-what-can-you-buy-with-a-galleon-in-the-wizarding-w,blogdetail,5,6680,0.07,9.72,,,A_fast_ctr_uplift,High-impression blog page with weak SERP click-through or weak commercial handoff,Improve title/snippet and add stronger product handoff modules and related-tool internal links,95,medium,P1,SEO + Content + Product
https://www.biyapay.com/zh/converter,other,5,6623,0.08,8.39,,,A_fast_ctr_uplift,Very low CTR relative to impressions,"Review title/meta, intent match, first screen, and internal links",94,medium,P1,SEO + Content + Product
https://www.biyapay.com/blogdetail/2826-2025-latest-edition-nasdaq-100-index-constituents,blogdetail,0,6242,0.0,6.72,,,A_fast_ctr_uplift,High-impression blog page with weak SERP click-through or weak commercial handoff,Improve title/snippet and add stronger product handoff modules and related-tool internal links,94,medium,P1,SEO + Content + Product
https://www.biyapay.com/en/blogdetail/2905-5-best-stock-market-news-sources-that-are-free,blogdetail,17,7344,0.23,9.02,wsj,,A_fast_ctr_uplift,High-impression blog page with weak SERP click-through or weak commercial handoff,Improve title/snippet and add stronger product handoff modules and related-tool internal links,93,medium,P1,SEO + Content + Product
https://www.biyapay.com/en/blogdetail/558-moneygram-remittance-cancellation-policy-and-withd,blogdetail,28,8014,0.35,6.2,moneygram cancel transaction refund,money gram refund,A_fast_ctr_uplift,High-impression blog page with weak SERP click-through or weak commercial handoff,Improve title/snippet and add stronger product handoff modules and related-tool internal links,92,medium,P1,SEO + Content + Product
https://www.biyapay.com/zh/converter/JPY-USD-converter,converter,5,6420,0.08,8.96,30万日元等于多少美金,,A_fast_ctr_uplift,Template page has search visibility but weak click capture and likely weak intent match,"Rewrite title/meta, add rate summary, fee/amount context, FAQ, and currency-grid internal links",91,high,P1,SEO + Content + Product
https://www.biyapay.com/zh/blogdetail/3690-fututiger-securities-shut-out-the-ultimate-breakth,blogdetail,2,6210,0.03,5.34,biyapay安全吗,,A_fast_ctr_uplift,High-impression blog page with weak SERP click-through or weak commercial handoff,Improve title/snippet and add stronger product handoff modules and related-tool internal links,91,medium,P1,SEO + Content + Product
https://www.biyapay.com/compare/best-USD-AUD-exchange-rate?amount=1500,compare,1,6153,0.02,8.67,,,A_fast_ctr_uplift,Template page has search visibility but weak click capture and likely weak intent match,"Rewrite title/meta, add clear comparison summary, strengthen first-screen data and related links",91,high,P1,SEO + Content + Product
https://www.biyapay.com/en/blogdetail/839-guide-to-using-google-pay-in-vietnam-current-situa,blogdetail,22,7490,0.29,5.17,does google pay work in vietnam,does gpay work in vietnam | google pay vietnam,A_fast_ctr_uplift,High-impression blog page with weak SERP click-through or weak commercial handoff,Improve title/snippet and add stronger product handoff modules and related-tool internal links,90,medium,P1,SEO + Content + Product
https://www.biyapay.com/compare/best-PHP-USD-exchange-rates?amount=20000,compare,0,5915,0.0,9.43,,,A_fast_ctr_uplift,Template page has search visibility but weak click capture and likely weak intent match,"Rewrite title/meta, add clear comparison summary, strengthen first-screen data and related links",89,high,P1,SEO + Content + Product
https://www.biyapay.com/en/blogdetail/3110-2025-china-stock-market-app-review-tonghuashun-eas,blogdetail,3,3012,0.1,4.44,chinese stock market app,china stock market app,A_fast_ctr_uplift,High-impression blog page with weak SERP click-through or weak commercial handoff,Improve title/snippet and add stronger product handoff modules and related-tool internal links,87,medium,P1,SEO + Content + Product
https://www.biyapay.com/en/blogdetail/2592-complete-guide-to-using-a-visa-card-on-cash-app-ad,blogdetail,7,6200,0.11,8.98,,,A_fast_ctr_uplift,High-impression blog page with weak SERP click-through or weak commercial handoff,Improve title/snippet and add stronger product handoff modules and related-tool internal links,86,medium,P1,SEO + Content + Product
https://www.biyapay.com/blogdetail/1055-walgreens-money-orders-a-convenient-remittance-opt,blogdetail,4,5990,0.07,5.88,does walgreens do money orders,do walgreens have money orders | where to purchase a money order,A_fast_ctr_uplift,High-impression blog page with weak SERP click-through or weak commercial handoff,Improve title/snippet and add stronger product handoff modules and related-tool internal links,86,medium,P1,SEO + Content + Product
https://www.biyapay.com/zh/blogdetail/3031-2026-ultimate-guide-to-opening-a-us-stock-account,blogdetail,3,5966,0.05,7.38,,,A_fast_ctr_uplift,High-impression blog page with weak SERP click-through or weak commercial handoff,Improve title/snippet and add stronger product handoff modules and related-tool internal links,86,medium,P1,SEO + Content + Product
https://www.biyapay.com/en/blogdetail/3850-how-to-pay-for-claude-pro-payment-methods-subscrip,blogdetail,51,9060,0.56,5.7,claude payment methods,claude subscription payment methods | how to pay claude with paypal,A_fast_ctr_uplift,High-impression blog page with weak SERP click-through or weak commercial handoff,Improve title/snippet and add stronger product handoff modules and related-tool internal links,85,medium,P1,SEO + Content + Product
https://www.biyapay.com/en/blogdetail/592-choosing-the-best-instant-transfer-apps-comparing,blogdetail,1,5651,0.02,8.5,,,A_fast_ctr_uplift,High-impression blog page with weak SERP click-through or weak commercial handoff,Improve title/snippet and add stronger product handoff modules and related-tool internal links,84,medium,P1,SEO + Content + Product
https://www.biyapay.com/en/blogdetail/621-will-using-paypal-for-payment-provide-my-address-t,blogdetail,29,3730,0.78,4.91,,,A_fast_ctr_uplift,High-impression blog page with weak SERP click-through or weak commercial handoff,Improve title/snippet and add stronger product handoff modules and related-tool internal links,83,medium,P1,SEO + Content + Product
https://www.biyapay.com/zh/blogdetail/3193-understand-the-core-differences-between-the-nasdaq,blogdetail,20,6786,0.29,6.27,纳斯达克综合指数和纳斯达克100,纳斯达克和纳斯达克100有什么区别,A_fast_ctr_uplift,High-impression blog page with weak SERP click-through or weak commercial handoff,Improve title/snippet and add stronger product handoff modules and related-tool internal links,82,medium,P1,SEO + Content + Product
https://www.biyapay.com/zh/blogdetail/1662-what-is-the-012-bank-code-essential-knowledge-for,blogdetail,53,8903,0.6,6.19,012,012 bank code | bank code 012,A_fast_ctr_uplift,High-impression blog page with weak SERP click-through or weak commercial handoff,Improve title/snippet and add stronger product handoff modules and related-tool internal links,81,medium,P1,SEO + Content + Product
https://www.biyapay.com/en/blogdetail/1596-post-hong-kong-credit-card-offers-comparison,blogdetail,0,5419,0.0,7.68,,,A_fast_ctr_uplift,High-impression blog page with weak SERP click-through or weak commercial handoff,Improve title/snippet and add stronger product handoff modules and related-tool internal links,81,medium,P1,SEO + Content + Product
https://www.biyapay.com/en/blogdetail/3143-annual-review-best-performing-us-stock-etfs-in-202,blogdetail,0,5306,0.0,8.14,,,A_fast_ctr_uplift,High-impression blog page with weak SERP click-through or weak commercial handoff,Improve title/snippet and add stronger product handoff modules and related-tool internal links,80,medium,P1,SEO + Content + Product
https://www.biyapay.com/en/blogdetail/836-what-are-the-remittance-apps-that-accept-american,blogdetail,58,9120,0.64,5.39,does remitly accept amex,money transfer apps that accept american express | does xoom accept american express,A_fast_ctr_uplift,High-impression blog page with weak SERP click-through or weak commercial handoff,Improve title/snippet and add stronger product handoff modules and related-tool internal links,79,medium,P1,SEO + Content + Product
https://www.biyapay.com/en/blogdetail/2874-beginners-mustread-guide-to-investing-in-taiwan-st,blogdetail,1,5306,0.02,6.72,,,A_fast_ctr_uplift,High-impression blog page with weak SERP click-through or weak commercial handoff,Improve title/snippet and add stronger product handoff modules and related-tool internal links,79,medium,P1,SEO + Content + Product
https://www.biyapay.com/compare/best-EUR-USD-exchange-rates?amount=1500,compare,1,5267,0.02,8.71,1500 euro to usd,,A_fast_ctr_uplift,Template page has search visibility but weak click capture and likely weak intent match,"Rewrite title/meta, add clear comparison summary, strengthen first-screen data and related links",78,high,P1,SEO + Content + Product
https://www.biyapay.com/en/blogdetail/1755-standard-chartered-vs-hsbc-marathon-savings-intere,blogdetail,14,6044,0.23,7.47,standard chartered marathon savings account,sc marathon savings | marathon savings account standard chartered,A_fast_ctr_uplift,High-impression blog page with weak SERP click-through or weak commercial handoff,Improve title/snippet and add stronger product handoff modules and related-tool internal links,77,medium,P1,SEO + Content + Product
https://www.biyapay.com/blogdetail/1033-how-to-check-the-current-status-of-an-ri,blogdetail,10,5811,0.17,7.9,ria tracking,ria money tracking | ria money transfer tracking,A_fast_ctr_uplift,High-impression blog page with weak SERP click-through or weak commercial handoff,Improve title/snippet and add stronger product handoff modules and related-tool internal links,77,medium,P1,SEO + Content + Product
https://www.biyapay.com/blogDetail/1033-how-to-check-the-current-status-of-an-ri,blogdetail,12,5868,0.2,7.73,www.riamoneytransfer/track-a-transfer,ria tracking | ria,A_fast_ctr_uplift,High-impression blog page with weak SERP click-through or weak commercial handoff,Improve title/snippet and add stronger product handoff modules and related-tool internal links,76,medium,P1,SEO + Content + Product
https://www.biyapay.com/blogdetail/993-post-understanding-american-express-bank-trans,blogdetail,0,5082,0.0,6.64,,,A_fast_ctr_uplift,High-impression blog page with weak SERP click-through or weak commercial handoff,Improve title/snippet and add stronger product handoff modules and related-tool internal links,76,medium,P1,SEO + Content + Product
https://www.biyapay.com/en/blogdetail/3216-does-jdcom-support-visa-and-mastercard-tutorial-fo,blogdetail,25,3382,0.74,5.0,,,A_fast_ctr_uplift,High-impression blog page with weak SERP click-through or weak commercial handoff,Improve title/snippet and add stronger product handoff modules and related-tool internal links,76,medium,P1,SEO + Content + Product
https://www.biyapay.com/blogdetail/836-what-are-the-remittance-apps-that-accept,blogdetail,11,2913,0.38,4.94,does remitly accept amex credit card,canada to philippines,A_fast_ctr_uplift,High-impression blog page with weak SERP click-through or weak commercial handoff,Improve title/snippet and add stronger product handoff modules and related-tool internal links,76,medium,P1,SEO + Content + Product
https://www.biyapay.com/en/blogdetail/2600-can-you-use-apple-pay-internationally-complete-gui,blogdetail,9,5573,0.16,6.87,can i use apple pay overseas,,A_fast_ctr_uplift,High-impression blog page with weak SERP click-through or weak commercial handoff,Improve title/snippet and add stronger product handoff modules and related-tool internal links,75,medium,P1,SEO + Content + Product
https://www.biyapay.com/compare/best-JPY-USD-exchange-rate?amount=1500,compare,0,4969,0.0,6.88,,,A_fast_ctr_uplift,Template page has search visibility but weak click capture and likely weak intent match,"Rewrite title/meta, add clear comparison summary, strengthen first-screen data and related links",75,high,P1,SEO + Content + Product
https://www.biyapay.com/en/blogdetail/3846-how-to-pay-for-a-chatgpt-plus-web-subscription-car,blogdetail,4,5173,0.08,7.86,,,A_fast_ctr_uplift,High-impression blog page with weak SERP click-through or weak commercial handoff,Improve title/snippet and add stronger product handoff modules and related-tool internal links,74,medium,P1,SEO + Content + Product
https://www.biyapay.com/compare/best-HKD-USD-exchange-rate?amount=1500,compare,2,5089,0.04,6.81,1500 hong kong dollars to usd,,A_fast_ctr_uplift,Template page has search visibility but weak click capture and likely weak intent match,"Rewrite title/meta, add clear comparison summary, strengthen first-screen data and related links",74,high,P1,SEO + Content + Product
https://www.biyapay.com/en/blogdetail/2240-how-alipay-uses-encryption-and-biometrics-to-prote,blogdetail,0,4882,0.0,8.0,,,A_fast_ctr_uplift,High-impression blog page with weak SERP click-through or weak commercial handoff,Improve title/snippet and add stronger product handoff modules and related-tool internal links,73,medium,P1,SEO + Content + Product
https://www.biyapay.com/compare/best-THB-USD-exchange-rate?amount=2000,compare,0,4775,0.0,8.86,,,A_fast_ctr_uplift,Template page has search visibility but weak click capture and likely weak intent match,"Rewrite title/meta, add clear comparison summary, strengthen first-screen data and related links",72,high,P1,SEO + Content + Product
https://www.biyapay.com/en/blogdetail/1623-2025-shenzhen-bank-business-hours-overvi,blogdetail,11,2759,0.4,4.52,,,A_fast_ctr_uplift,High-impression blog page with weak SERP click-through or weak commercial handoff,Improve title/snippet and add stronger product handoff modules and related-tool internal links,72,medium,P1,SEO + Content + Product
https://www.biyapay.com/en/announcement,other,5,2554,0.2,3.94,biyapay,biya pay,A_fast_ctr_uplift,Very low CTR relative to impressions,"Review title/meta, intent match, first screen, and internal links",72,medium,P1,SEO + Content + Product
https://www.biyapay.com/zh/blogdetail/2903-afterhours-fixedprice-trading-vs-afterhours-oddlot,blogdetail,93,10944,0.85,8.98,盤後定價,盤後零股交易時間 | 盤後零股價格是收盤價嗎,A_fast_ctr_uplift,High-impression blog page with weak SERP click-through or weak commercial handoff,Improve title/snippet and add stronger product handoff modules and related-tool internal links,71,medium,P1,SEO + Content + Product
https://www.biyapay.com/en/blogdetail/2587-is-depositing-cash-into-your-own-account-in-the-us,blogdetail,8,5176,0.15,9.32,,,A_fast_ctr_uplift,High-impression blog page with weak SERP click-through or weak commercial handoff,Improve title/snippet and add stronger product handoff modules and related-tool internal links,70,medium,P1,SEO + Content + Product
https://www.biyapay.com/en/blogdetail/2306-what-to-know-about-using-euros-instead-of-swiss-fr,blogdetail,4,4939,0.08,7.76,,,A_fast_ctr_uplift,High-impression blog page with weak SERP click-through or weak commercial handoff,Improve title/snippet and add stronger product handoff modules and related-tool internal links,70,medium,P1,SEO + Content + Product
https://www.biyapay.com/zh/blogdetail/3243-interactive-brokers-account-opening-tutorial-stepb,blogdetail,72,9366,0.77,8.5,盈透证券开户,ibkr 大陆 开户 教程 | 盈透开户,A_fast_ctr_uplift,High-impression blog page with weak SERP click-through or weak commercial handoff,Improve title/snippet and add stronger product handoff modules and related-tool internal links,68,medium,P1,SEO + Content + Product
https://www.biyapay.com/zh/blogdetail/2846-dont-waste-your-time-the-most-complete-20252026-us,blogdetail,3,4734,0.06,8.05,,,A_fast_ctr_uplift,High-impression blog page with weak SERP click-through or weak commercial handoff,Improve title/snippet and add stronger product handoff modules and related-tool internal links,68,medium,P1,SEO + Content + Product
https://www.biyapay.com/en/blogdetail/884-post-how-much-are-the-transfer-fees-for-apple,blogdetail,3,4716,0.06,5.23,,,A_fast_ctr_uplift,High-impression blog page with weak SERP click-through or weak commercial handoff,Improve title/snippet and add stronger product handoff modules and related-tool internal links,68,medium,P1,SEO + Content + Product
https://www.biyapay.com/en/blogdetail/2458-common-issues-and-solutions-for-wechat-pay-crossbo,blogdetail,2,4632,0.04,9.45,,,A_fast_ctr_uplift,High-impression blog page with weak SERP click-through or weak commercial handoff,Improve title/snippet and add stronger product handoff modules and related-tool internal links,67,medium,P1,SEO + Content + Product
https://www.biyapay.com/blogdetail/847-can-you-transfer-money-internationally-with-venmo,blogdetail,0,4452,0.0,6.68,,,A_fast_ctr_uplift,High-impression blog page with weak SERP click-through or weak commercial handoff,Improve title/snippet and add stronger product handoff modules and related-tool internal links,67,medium,P1,SEO + Content + Product
https://www.biyapay.com/zh/blogdetail/1807-hsbc-stock-account-fees-monthly-charges-and-tradin,blogdetail,78,9628,0.81,7.5,hsbc 投資 戶口 收費,hsbc 股票收費 | 匯豐投資戶口收費,A_fast_ctr_uplift,High-impression blog page with weak SERP click-through or weak commercial handoff,Improve title/snippet and add stronger product handoff modules and related-tool internal links,66,medium,P1,SEO + Content + Product
https://www.biyapay.com/en/blogdetail/2569-alipay-withdrawal-guide-fees-limits-and-how-to-avo,blogdetail,10,5055,0.2,7.47,,,A_fast_ctr_uplift,High-impression blog page with weak SERP click-through or weak commercial handoff,Improve title/snippet and add stronger product handoff modules and related-tool internal links,66,medium,P1,SEO + Content + Product
https://www.biyapay.com/en/blogdetail/3151-2026-latest-us-stock-broker-review-which-is-better,blogdetail,0,4414,0.0,6.99,,,A_fast_ctr_uplift,High-impression blog page with weak SERP click-through or weak commercial handoff,Improve title/snippet and add stronger product handoff modules and related-tool internal links,66,medium,P1,SEO + Content + Product
https://www.biyapay.com/blogdetail/2791-best-us-stock-etfs-recommendations-stop-knowing-on,blogdetail,0,4394,0.0,8.49,,,A_fast_ctr_uplift,High-impression blog page with weak SERP click-through or weak commercial handoff,Improve title/snippet and add stronger product handoff modules and related-tool internal links,66,medium,P1,SEO + Content + Product
https://www.biyapay.com/blogdetail/927-are-iban-and-routing-number-the-same-analyzing-the,blogdetail,7,4719,0.15,8.24,is routing number same as iban,routing number iban | is the iban number the same as the routing number,A_fast_ctr_uplift,High-impression blog page with weak SERP click-through or weak commercial handoff,Improve title/snippet and add stronger product handoff modules and related-tool internal links,64,medium,P1,SEO + Content + Product
https://www.biyapay.com/en/blogdetail/2362-futu-securities-vs-tiger-brokers-a-comparison-of-u,blogdetail,5,4557,0.11,5.55,,,A_fast_ctr_uplift,High-impression blog page with weak SERP click-through or weak commercial handoff,Improve title/snippet and add stronger product handoff modules and related-tool internal links,63,medium,P1,SEO + Content + Product
https://www.biyapay.com/en/blogdetail/3244-beyond-amazon-and-rakuten-other-notable-ecommerce,blogdetail,1,4285,0.02,8.91,,,A_fast_ctr_uplift,High-impression blog page with weak SERP click-through or weak commercial handoff,Improve title/snippet and add stronger product handoff modules and related-tool internal links,63,medium,P1,SEO + Content + Product
https://www.biyapay.com/en/blogdetail/790-post-how-to-fill-in-a-japanese-address-a-guide,blogdetail,14,5076,0.28,9.71,japan shipping address,,A_fast_ctr_uplift,High-impression blog page with weak SERP click-through or weak commercial handoff,Improve title/snippet and add stronger product handoff modules and related-tool internal links,62,medium,P1,SEO + Content + Product
https://www.biyapay.com/zh/blogdetail/2911-the-ultimate-2026-watchlist-10-american-stocks-to,blogdetail,14,5045,0.28,7.39,15檔低價潛力股2026美股,2026美股推薦,A_fast_ctr_uplift,High-impression blog page with weak SERP click-through or weak commercial handoff,Improve title/snippet and add stronger product handoff modules and related-tool internal links,62,medium,P1,SEO + Content + Product
https://www.biyapay.com/zh/converter/PHP-USD-converter,converter,3,4356,0.07,8.89,1比索等于多少美元,20000比索等于多少美金,A_fast_ctr_uplift,Template page has search visibility but weak click capture and likely weak intent match,"Rewrite title/meta, add rate summary, fee/amount context, FAQ, and currency-grid internal links",62,high,P1,SEO + Content + Product
https://invest.biyapay.com/en,other,8,2337,0.34,3.9,biyapay,biyapay official website | site:biyapay.com,A_fast_ctr_uplift,Very low CTR relative to impressions,"Review title/meta, intent match, first screen, and internal links",62,medium,P1,SEO + Content + Product
https://www.biyapay.com/zh/blogdetail/2915-10-american-stocks-poised-for-explosive-growth-bey,blogdetail,47,7204,0.65,6.74,美股潛力股2026,美股潜力股2026 | 未來潛力美股,A_fast_ctr_uplift,High-impression blog page with weak SERP click-through or weak commercial handoff,Improve title/snippet and add stronger product handoff modules and related-tool internal links,61,medium,P1,SEO + Content + Product
https://www.biyapay.com/en/blogdetail/1596-hong-kong-credit-card-offers-comparison,blogdetail,1,4158,0.02,7.34,,,A_fast_ctr_uplift,High-impression blog page with weak SERP click-through or weak commercial handoff,Improve title/snippet and add stronger product handoff modules and related-tool internal links,61,medium,P1,SEO + Content + Product
https://www.biyapay.com/en/help/2-license/41-biyapay-license-and-license-inquiry,other,2,2115,0.09,3.64,,,A_fast_ctr_uplift,Very low CTR relative to impressions,"Review title/meta, intent match, first screen, and internal links",61,medium,P1,SEO + Content + Product
https://www.biyapay.com/compare/best-PHP-USD-exchange-rate?amount=15000,compare,0,4006,0.0,6.71,,,A_fast_ctr_uplift,Template page has search visibility but weak click capture and likely weak intent match,"Rewrite title/meta, add clear comparison summary, strengthen first-screen data and related links",60,high,P1,SEO + Content + Product
https://www.biyapay.com/en/blogdetail/2196-how-to-get-pesos-from-chase-bank-before-your-trip,blogdetail,75,8966,0.84,5.24,can i get pesos at chase bank,can you get pesos at chase bank | how to order pesos from chase,A_fast_ctr_uplift,High-impression blog page with weak SERP click-through or weak commercial handoff,Improve title/snippet and add stronger product handoff modules and related-tool internal links,59,medium,P1,SEO + Content + Product
https://www.biyapay.com/en/blogdetail/1023-iban-and-aba-routing-number-a-comparison-and-usage,blogdetail,26,5619,0.46,9.71,is iban same as routing number,aba vs iban | iban vs aba,A_fast_ctr_uplift,High-impression blog page with weak SERP click-through or weak commercial handoff,Improve title/snippet and add stronger product handoff modules and related-tool internal links,58,medium,P1,SEO + Content + Product
https://www.biyapay.com/zh/blogdetail/878-analysis-of-cash-apps-sending-limits-how,blogdetail,8,2199,0.36,3.19,,,A_fast_ctr_uplift,High-impression blog page with weak SERP click-through or weak commercial handoff,Improve title/snippet and add stronger product handoff modules and related-tool internal links,58,medium,P1,SEO + Content + Product
https://www.biyapay.com/blogdetail/792-post-how-to-add-a-gift-card-to-venmo-a-complet,blogdetail,7,2175,0.32,4.75,,,A_fast_ctr_uplift,High-impression blog page with weak SERP click-through or weak commercial handoff,Improve title/snippet and add stronger product handoff modules and related-tool internal links,58,medium,P1,SEO + Content + Product
https://www.biyapay.com/blogdetail/1596-post-hong-kong-credit-card-offers-comparison,blogdetail,2,3907,0.05,7.69,,,A_fast_ctr_uplift,High-impression blog page with weak SERP click-through or weak commercial handoff,Improve title/snippet and add stronger product handoff modules and related-tool internal links,57,medium,P1,SEO + Content + Product
https://www.biyapay.com/compare/best-USD-PHP-exchange-rates?amount=1500,compare,1,3880,0.03,9.0,1500 usd to php,,A_fast_ctr_uplift,Template page has search visibility but weak click capture and likely weak intent match,"Rewrite title/meta, add clear comparison summary, strengthen first-screen data and related links",57,high,P1,SEO + Content + Product
https://www.biyapay.com/en/blogdetail/2857-best-us-futures-trading-platforms-brokers-for-2026,blogdetail,0,3775,0.0,9.21,,,A_fast_ctr_uplift,High-impression blog page with weak SERP click-through or weak commercial handoff,Improve title/snippet and add stronger product handoff modules and related-tool internal links,57,medium,P1,SEO + Content + Product
https://www.biyapay.com/en/blogdetail/884-how-much-are-the-transfer-fees-for-apple,blogdetail,6,4145,0.14,8.23,apple pay fees,,A_fast_ctr_uplift,High-impression blog page with weak SERP click-through or weak commercial handoff,Improve title/snippet and add stronger product handoff modules and related-tool internal links,56,medium,P1,SEO + Content + Product
https://www.biyapay.com/zh/blogdetail/1735-futu-account-opening-guide-master-all-ke,blogdetail,28,5501,0.51,8.19,富途牛牛開戶,富途牛牛開戶流程 | 富途香港开户,A_fast_ctr_uplift,High-impression blog page with weak SERP click-through or weak commercial handoff,Improve title/snippet and add stronger product handoff modules and related-tool internal links,55,medium,P1,SEO + Content + Product
https://www.biyapay.com/en/blogdetail/2519-how-to-use-upro-stock-for-aggressive-growth-with-3,blogdetail,11,4382,0.25,6.16,upro,upro stock,A_fast_ctr_uplift,High-impression blog page with weak SERP click-through or weak commercial handoff,Improve title/snippet and add stronger product handoff modules and related-tool internal links,55,medium,P1,SEO + Content + Product
https://www.biyapay.com/en/converter/AED-PKR-converter,converter,1,3748,0.03,9.45,,,A_fast_ctr_uplift,Template page has search visibility but weak click capture and likely weak intent match,"Rewrite title/meta, add rate summary, fee/amount context, FAQ, and currency-grid internal links",55,high,P1,SEO + Content + Product
https://www.biyapay.com/en/blogdetail/2305-what-buyers-should-know-about-wise-accounts-scam-i,blogdetail,8,4156,0.19,8.02,,,A_fast_ctr_uplift,High-impression blog page with weak SERP click-through or weak commercial handoff,Improve title/snippet and add stronger product handoff modules and related-tool internal links,54,medium,P1,SEO + Content + Product
https://www.biyapay.com/blogDetail/688-post-understand-the-maximum-limit-of-western-u,blogdetail,7,3987,0.18,7.59,western union transfer limit,western union limit | how much money can i send through western union,A_fast_ctr_uplift,High-impression blog page with weak SERP click-through or weak commercial handoff,Improve title/snippet and add stronger product handoff modules and related-tool internal links,53,medium,P1,SEO + Content + Product
https://www.biyapay.com/en/converter/PKR-PKR-converter,converter,2,3697,0.05,9.8,,,A_fast_ctr_uplift,Template page has search visibility but weak click capture and likely weak intent match,"Rewrite title/meta, add rate summary, fee/amount context, FAQ, and currency-grid internal links",53,high,P1,SEO + Content + Product
https://www.biyapay.com/compare/best-THB-GBP-exchange-rates?amount=1500,compare,0,3541,0.0,6.87,,,A_fast_ctr_uplift,Template page has search visibility but weak click capture and likely weak intent match,"Rewrite title/meta, add clear comparison summary, strengthen first-screen data and related links",53,high,P1,SEO + Content + Product
https://www.biyapay.com/compare/best-USD-VND-exchange-rates?amount=3000,compare,0,3523,0.0,7.57,,,A_fast_ctr_uplift,Template page has search visibility but weak click capture and likely weak intent match,"Rewrite title/meta, add clear comparison summary, strengthen first-screen data and related links",53,high,P1,SEO + Content + Product
https://www.biyapay.com/zh/blogdetail/3049-2025-latest-us-stock-account-opening-tutorial-comp,blogdetail,5,1931,0.26,4.95,,,A_fast_ctr_uplift,High-impression blog page with weak SERP click-through or weak commercial handoff,Improve title/snippet and add stronger product handoff modules and related-tool internal links,53,medium,P1,SEO + Content + Product
https://www.biyapay.com/en/blogdetail/3209-how-to-choose-a-hong-kong-stock-trading-app-compre,blogdetail,1,3458,0.03,7.28,,,A_fast_ctr_uplift,High-impression blog page with weak SERP click-through or weak commercial handoff,Improve title/snippet and add stronger product handoff modules and related-tool internal links,51,medium,P1,SEO + Content + Product
https://www.biyapay.com/en/blogdetail/626-cash-app-currency-conversion-how-to-remit-money-fr,blogdetail,10,4007,0.25,9.51,,,A_fast_ctr_uplift,High-impression blog page with weak SERP click-through or weak commercial handoff,Improve title/snippet and add stronger product handoff modules and related-tool internal links,50,medium,P1,SEO + Content + Product
https://www.biyapay.com/en/blogdetail/2286-zelle-vs-venmo-a-side-by-side-comparison-for-2025,blogdetail,4,3633,0.11,5.56,is zelle safer than venmo? summarize zelle's pros and cons,zelle vs venmo fees,A_fast_ctr_uplift,High-impression blog page with weak SERP click-through or weak commercial handoff,Improve title/snippet and add stronger product handoff modules and related-tool internal links,50,medium,P1,SEO + Content + Product
https://www.biyapay.com/en/blogdetail/1785-comparison-of-us-stock-trading-hours-and-asian-maj,blogdetail,2,3465,0.06,7.76,,,A_fast_ctr_uplift,High-impression blog page with weak SERP click-through or weak commercial handoff,Improve title/snippet and add stronger product handoff modules and related-tool internal links,50,medium,P1,SEO + Content + Product
https://www.biyapay.com/en/blogdetail/847-can-you-transfer-money-internationally-with-venmo,blogdetail,0,3357,0.0,8.18,,,A_fast_ctr_uplift,High-impression blog page with weak SERP click-through or weak commercial handoff,Improve title/snippet and add stronger product handoff modules and related-tool internal links,50,medium,P1,SEO + Content + Product
https://www.biyapay.com/en/blogdetail/1631-standard-chartered-mobile-app-login-password-and-s,blogdetail,8,3793,0.21,7.44,standard chartered forgot username and password,,A_fast_ctr_uplift,High-impression blog page with weak SERP click-through or weak commercial handoff,Improve title/snippet and add stronger product handoff modules and related-tool internal links,49,medium,P1,SEO + Content + Product
https://www.biyapay.com/en/blogdetail/3559-recommended-overseas-virtual-credit-card-platforms,blogdetail,3,3489,0.09,5.72,,,A_fast_ctr_uplift,High-impression blog page with weak SERP click-through or weak commercial handoff,Improve title/snippet and add stronger product handoff modules and related-tool internal links,49,medium,P1,SEO + Content + Product
https://www.biyapay.com/blogdetail/3143-annual-review-best-performing-us-stock-etfs-in-202,blogdetail,0,3273,0.0,7.85,,,A_fast_ctr_uplift,High-impression blog page with weak SERP click-through or weak commercial handoff,Improve title/snippet and add stronger product handoff modules and related-tool internal links,49,medium,P1,SEO + Content + Product
https://www.biyapay.com/blogdetail/939-does-moneygram-accept-credit-cards-usage-guide-and,blogdetail,6,1843,0.33,4.71,,,A_fast_ctr_uplift,High-impression blog page with weak SERP click-through or weak commercial handoff,Improve title/snippet and add stronger product handoff modules and related-tool internal links,49,medium,P1,SEO + Content + Product
https://www.biyapay.com/en/blogdetail/781-how-to-transfer-the-balance-of-google-pla,blogdetail,55,6843,0.8,8.52,google play balance transfer,google play balance | transfer google play balance to google pay,A_fast_ctr_uplift,High-impression blog page with weak SERP click-through or weak commercial handoff,Improve title/snippet and add stronger product handoff modules and related-tool internal links,48,medium,P1,SEO + Content + Product
https://www.biyapay.com/blogdetail/895-can-western-union-accept-credit-cards-usage-guide,blogdetail,5,3558,0.14,7.65,can you use a credit card to send a western union,,A_fast_ctr_uplift,High-impression blog page with weak SERP click-through or weak commercial handoff,Improve title/snippet and add stronger product handoff modules and related-tool internal links,48,medium,P1,SEO + Content + Product
https://www.biyapay.com/zh/blogdetail/195-crossborder-remittances-a-stepbystep-guide-to-regi,blogdetail,26,4888,0.53,8.06,如何使用wise,,A_fast_ctr_uplift,High-impression blog page with weak SERP click-through or weak commercial handoff,Improve title/snippet and add stronger product handoff modules and related-tool internal links,47,medium,P1,SEO + Content + Product
https://www.biyapay.com/en/blogdetail/358-can-a-us-phone-number-register-for-alipay,blogdetail,16,4172,0.38,8.47,,,A_fast_ctr_uplift,High-impression blog page with weak SERP click-through or weak commercial handoff,Improve title/snippet and add stronger product handoff modules and related-tool internal links,47,medium,P1,SEO + Content + Product
https://www.biyapay.com/en/blogdetail/3849-how-to-pay-for-claude-max-subscription-requirement,blogdetail,13,4012,0.32,7.65,,,A_fast_ctr_uplift,High-impression blog page with weak SERP click-through or weak commercial handoff,Improve title/snippet and add stronger product handoff modules and related-tool internal links,47,medium,P1,SEO + Content + Product
https://www.biyapay.com/en/blogdetail/1969-everything-you-need-to-know-to-open-a-chase-bank-a,blogdetail,3,3347,0.09,9.81,open my chase account,,A_fast_ctr_uplift,High-impression blog page with weak SERP click-through or weak commercial handoff,Improve title/snippet and add stronger product handoff modules and related-tool internal links,47,medium,P1,SEO + Content + Product
