destination,inlink_rows,source_urls,anchor_variants,sample_anchor
https://www.biyapay.com/zh/converter/EUR-USD-converter,11240,1102,20,汇款到 奥地利
https://www.biyapay.com/en/converter/EUR-USD-converter,11240,1102,20,Send money to Austria
https://www.biyapay.com/en/converter/EUR-KRW-converter,11221,1101,20,Send money to Austria
https://www.biyapay.com/en/converter/EUR-ZAR-converter,11221,1101,20,Send money to Austria
https://www.biyapay.com/zh/converter/EUR-HKD-converter,11221,1101,20,EUR> HKD
https://www.biyapay.com/en/converter/EUR-JPY-converter,11221,1101,20,Send money to Austria
https://www.biyapay.com/en/converter/EUR-SEK-converter,11221,1101,20,Send money to Austria
https://www.biyapay.com/en/converter/EUR-AED-converter,11221,1101,20,Send money to Austria
https://www.biyapay.com/zh/converter/EUR-PKR-converter,11221,1101,20,EUR> PKR
https://www.biyapay.com/en/converter/EUR-MOP-converter,11221,1101,20,Send money to Austria
https://www.biyapay.com/en/converter/EUR-MAD-converter,11221,1101,20,Send money to Austria
https://www.biyapay.com/zh/converter/EUR-AUD-converter,11221,1101,20,EUR> AUD
https://www.biyapay.com/en/converter/EUR-NPR-converter,11221,1101,20,Send money to Austria
https://www.biyapay.com/en/converter/EUR-RON-converter,11221,1101,20,Send money to Austria
https://www.biyapay.com/en/converter/EUR-NOK-converter,11221,1101,20,Send money to Austria
https://www.biyapay.com/zh/converter/EUR-TRY-converter,11221,1101,20,EUR> TRY
https://www.biyapay.com/zh/converter/EUR-KRW-converter,11221,1101,20,EUR> KRW
https://www.biyapay.com/en/converter/EUR-THB-converter,11221,1101,20,Send money to Austria
https://www.biyapay.com/en/converter/EUR-GBP-converter,11221,1101,20,Send money to Cyprus
https://www.biyapay.com/zh/converter/EUR-JPY-converter,11221,1101,20,EUR> JPY
https://www.biyapay.com/en/converter/EUR-INR-converter,11221,1101,20,Send money to Austria
https://www.biyapay.com/zh/converter/EUR-MAD-converter,11221,1101,20,EUR> MAD
https://www.biyapay.com/zh/converter/EUR-RON-converter,11221,1101,20,EUR> RON
https://www.biyapay.com/zh/converter/EUR-MOP-converter,11221,1101,20,EUR> MOP
https://www.biyapay.com/en/converter/EUR-PKR-converter,11221,1101,20,Send money to Austria
https://www.biyapay.com/en/converter/EUR-VND-converter,11221,1101,20,Send money to Austria
https://www.biyapay.com/en/converter/EUR-NZD-converter,11221,1101,20,Send money to Austria
https://www.biyapay.com/zh/converter/EUR-SGD-converter,11221,1101,20,EUR> SGD
https://www.biyapay.com/zh/converter/EUR-DKK-converter,11221,1101,20,EUR> DKK
https://www.biyapay.com/en/converter/EUR-PLN-converter,11221,1101,20,Send money to Austria
https://www.biyapay.com/en/converter/EUR-HKD-converter,11221,1101,20,Send money to Austria
https://www.biyapay.com/zh/converter/EUR-PHP-converter,11221,1101,20,EUR> PHP
https://www.biyapay.com/en/converter/EUR-CAD-converter,11221,1101,20,Send money to Austria
https://www.biyapay.com/zh/converter/EUR-ZAR-converter,11221,1101,20,EUR> ZAR
https://www.biyapay.com/zh/converter/EUR-INR-converter,11221,1101,20,EUR> INR
https://www.biyapay.com/zh/converter/EUR-CAD-converter,11221,1101,20,EUR> CAD
https://www.biyapay.com/zh/converter/EUR-AED-converter,11221,1101,20,EUR> AED
https://www.biyapay.com/en/converter/EUR-TRY-converter,11221,1101,20,EUR> TRY
https://www.biyapay.com/en/converter/EUR-CZK-converter,11221,1101,20,Send money to Austria
https://www.biyapay.com/en/converter/EUR-IDR-converter,11221,1101,20,Send money to Austria
https://www.biyapay.com/en/converter/EUR-DKK-converter,11221,1101,20,Send money to Austria
https://www.biyapay.com/en/converter/EUR-SGD-converter,11221,1101,20,Send money to Austria
https://www.biyapay.com/zh/converter/EUR-PLN-converter,11221,1101,20,EUR> PLN
https://www.biyapay.com/zh/converter/EUR-NOK-converter,11221,1101,20,EUR> NOK
https://www.biyapay.com/zh/converter/EUR-MYR-converter,11221,1101,20,EUR> MYR
https://www.biyapay.com/zh/converter/EUR-NPR-converter,11221,1101,20,EUR> NPR
https://www.biyapay.com/en/converter/EUR-AUD-converter,11221,1101,20,Send money to Austria
https://www.biyapay.com/zh/converter/EUR-NZD-converter,11221,1101,20,EUR> NZD
https://www.biyapay.com/zh/converter/EUR-THB-converter,11221,1101,20,EUR> THB
https://www.biyapay.com/zh/converter/EUR-SEK-converter,11221,1101,20,EUR> SEK
https://www.biyapay.com/zh/converter/EUR-IDR-converter,11221,1101,20,EUR> IDR
https://www.biyapay.com/en/converter/EUR-MYR-converter,11221,1101,20,Send money to Austria
https://www.biyapay.com/en/converter/EUR-PHP-converter,11221,1101,20,Send money to Austria
https://www.biyapay.com/zh/converter/EUR-GBP-converter,11221,1101,20,EUR> GBP
https://www.biyapay.com/zh/converter/EUR-VND-converter,11221,1101,20,EUR> VND
https://www.biyapay.com/zh/converter/EUR-CZK-converter,11202,1100,20,EUR> CZK
https://www.biyapay.com/en/converter/HKD-USD-converter,1152,1111,5,HKD> USD
https://www.biyapay.com/zh/converter/HKD-USD-converter,1152,1111,4,HKD> USD
https://www.biyapay.com/zh/converter/HKD-NZD-converter,1142,1102,2,HKD> NZD
https://www.biyapay.com/en/converter/NPR-USD-converter,1142,1102,2,Send money to Nepal
https://www.biyapay.com/en/converter/ZAR-USD-converter,1142,1102,2,Send money to South Africa
https://www.biyapay.com/en/converter/HKD-AED-converter,1142,1102,2,HKD> AED
https://www.biyapay.com/en/converter/HKD-SGD-converter,1142,1102,2,HKD> SGD
https://www.biyapay.com/zh/converter/NPR-USD-converter,1142,1102,2,汇款到 尼泊尔
https://www.biyapay.com/en/converter/AED-USD-converter,1142,1102,2,Send money to United Arab Emirates
https://www.biyapay.com/zh/converter/ZAR-USD-converter,1142,1102,2,汇款到 南非
https://www.biyapay.com/en/converter/HKD-INR-converter,1142,1102,2,HKD> INR
https://www.biyapay.com/en/converter/HKD-DKK-converter,1142,1102,2,HKD> DKK
https://www.biyapay.com/zh/converter/HKD-DKK-converter,1142,1102,2,HKD> DKK
https://www.biyapay.com/en/converter/HKD-THB-converter,1142,1102,2,HKD> THB
https://www.biyapay.com/en/converter/HKD-MOP-converter,1142,1102,2,HKD> MOP
https://www.biyapay.com/zh/converter/CAD-USD-converter,1142,1102,2,汇款到 加拿大
https://www.biyapay.com/zh/converter/HKD-JPY-converter,1142,1102,2,HKD> JPY
https://www.biyapay.com/zh/converter/HKD-NOK-converter,1142,1102,2,HKD> NOK
https://www.biyapay.com/en/converter/HKD-NPR-converter,1142,1102,2,HKD> NPR
https://www.biyapay.com/en/converter/CAD-USD-converter,1142,1102,2,Send money to Canada
https://www.biyapay.com/zh/converter/KRW-USD-converter,1142,1102,2,汇款到 韩国
https://www.biyapay.com/zh/converter/HKD-MYR-converter,1142,1102,2,HKD> MYR
https://www.biyapay.com/zh/converter/HKD-SGD-converter,1142,1102,2,HKD> SGD
https://www.biyapay.com/en/converter/HKD-JPY-converter,1142,1102,2,HKD> JPY
https://www.biyapay.com/en/converter/PHP-USD-converter,1142,1102,2,Send money to Philippines
https://www.biyapay.com/en/converter/HKD-CAD-converter,1142,1102,2,HKD> CAD
https://www.biyapay.com/zh/converter/MYR-USD-converter,1142,1102,2,汇款到 马来西亚
https://www.biyapay.com/zh/converter/IDR-USD-converter,1142,1102,2,汇款到 印度尼西亚
https://www.biyapay.com/en/converter/MOP-USD-converter,1142,1102,2,Send money to Macau
https://www.biyapay.com/zh/converter/HKD-RON-converter,1142,1102,2,HKD> RON
https://www.biyapay.com/en/converter/JPY-USD-converter,1142,1102,2,Send money to Japan
https://www.biyapay.com/en/converter/KRW-USD-converter,1142,1102,2,Send money to South Korea
https://www.biyapay.com/en/converter/HKD-TRY-converter,1142,1102,2,HKD> TRY
https://www.biyapay.com/en/converter/IDR-USD-converter,1142,1102,2,Send money to Indonesia
https://www.biyapay.com/en/converter/MAD-USD-converter,1142,1102,2,Send money to Morocco
https://www.biyapay.com/zh/converter/HKD-GBP-converter,1142,1102,2,HKD> GBP
https://www.biyapay.com/en/converter/HKD-RON-converter,1142,1102,2,HKD> RON
https://www.biyapay.com/zh/converter/JPY-USD-converter,1142,1102,2,汇款到 日本
https://www.biyapay.com/en/converter/HKD-PKR-converter,1142,1102,2,HKD> PKR
https://www.biyapay.com/en/converter/HKD-KRW-converter,1142,1102,2,HKD> KRW
https://www.biyapay.com/zh/converter/SEK-USD-converter,1142,1102,2,汇款到 瑞典
https://www.biyapay.com/zh/converter/HKD-NPR-converter,1142,1102,2,HKD> NPR
https://www.biyapay.com/zh/converter/HKD-CAD-converter,1142,1102,2,HKD> CAD
https://www.biyapay.com/zh/converter/INR-USD-converter,1142,1102,2,汇款到 印度
https://www.biyapay.com/zh/converter/HKD-MOP-converter,1142,1102,2,HKD> MOP
https://www.biyapay.com/en/converter/PKR-USD-converter,1142,1102,2,Send money to Pakistan
https://www.biyapay.com/zh/converter/AED-USD-converter,1142,1102,2,汇款到 阿联酋
https://www.biyapay.com/zh/converter/PLN-USD-converter,1142,1102,2,汇款到 波兰
https://www.biyapay.com/zh/converter/HKD-PKR-converter,1142,1102,2,HKD> PKR
https://www.biyapay.com/zh/converter/MOP-USD-converter,1142,1102,2,汇款到 澳门
https://www.biyapay.com/en/converter/INR-USD-converter,1142,1102,2,Send money to India
https://www.biyapay.com/zh/converter/VND-USD-converter,1142,1102,2,汇款到 越南
https://www.biyapay.com/en/converter/HKD-NZD-converter,1142,1102,2,HKD> NZD
https://www.biyapay.com/zh/converter/HKD-EUR-converter,1142,1102,2,HKD> EUR
https://www.biyapay.com/en/converter/HKD-AUD-converter,1142,1102,2,HKD> AUD
https://www.biyapay.com/zh/converter/HKD-AUD-converter,1142,1102,2,HKD> AUD
https://www.biyapay.com/en/converter/MYR-USD-converter,1142,1102,2,Send money to Malaysia
https://www.biyapay.com/zh/converter/HKD-SEK-converter,1142,1102,2,HKD> SEK
https://www.biyapay.com/zh/converter/HKD-THB-converter,1142,1102,2,HKD> THB
https://www.biyapay.com/en/converter/AUD-USD-converter,1142,1102,2,Send money to Australia
https://www.biyapay.com/zh/converter/CZK-USD-converter,1142,1102,2,汇款到 捷克
https://www.biyapay.com/zh/converter/HKD-VND-converter,1142,1102,2,HKD> VND
https://www.biyapay.com/zh/converter/RON-USD-converter,1142,1102,2,汇款到 罗马尼亚
https://www.biyapay.com/zh/converter/HKD-AED-converter,1142,1102,2,HKD> AED
https://www.biyapay.com/en/converter/HKD-GBP-converter,1142,1102,2,HKD> GBP
https://www.biyapay.com/zh/converter/HKD-PHP-converter,1142,1102,2,HKD> PHP
https://www.biyapay.com/zh/converter/NZD-USD-converter,1142,1102,2,汇款到 新西兰
https://www.biyapay.com/zh/converter/HKD-IDR-converter,1142,1102,2,HKD> IDR
https://www.biyapay.com/en/converter/RON-USD-converter,1142,1102,2,Send money to Romania
https://www.biyapay.com/zh/converter/DKK-USD-converter,1142,1102,2,汇款到 丹麦
https://www.biyapay.com/zh/converter/PKR-USD-converter,1142,1102,2,汇款到 巴基斯坦
https://www.biyapay.com/en/converter/VND-USD-converter,1142,1102,2,Send money to Vietnam
https://www.biyapay.com/zh/converter/HKD-PLN-converter,1142,1102,2,HKD> PLN
https://www.biyapay.com/zh/converter/TRY-USD-converter,1142,1102,2,汇款到 土耳其
https://www.biyapay.com/en/converter/THB-USD-converter,1142,1102,2,Send money to Thailand
https://www.biyapay.com/en/converter/HKD-VND-converter,1142,1102,2,HKD> VND
https://www.biyapay.com/en/converter/HKD-CZK-converter,1142,1102,2,HKD> CZK
https://www.biyapay.com/en/converter/HKD-IDR-converter,1142,1102,2,HKD> IDR
https://www.biyapay.com/zh/converter/GBP-USD-converter,1142,1102,2,汇款到 英国
https://www.biyapay.com/en/converter/HKD-NOK-converter,1142,1102,2,HKD> NOK
https://www.biyapay.com/en/converter/HKD-PHP-converter,1142,1102,2,HKD> PHP
https://www.biyapay.com/en/converter/PLN-USD-converter,1142,1102,2,Send money to Poland
https://www.biyapay.com/en/converter/HKD-ZAR-converter,1142,1102,2,HKD> ZAR
https://www.biyapay.com/en/converter/HKD-EUR-converter,1142,1102,2,HKD> EUR
https://www.biyapay.com/en/converter/SGD-USD-converter,1142,1102,2,Send money to Singapore
https://www.biyapay.com/zh/converter/HKD-INR-converter,1142,1102,2,HKD> INR
https://www.biyapay.com/zh/converter/HKD-MAD-converter,1142,1102,2,HKD> MAD
https://www.biyapay.com/zh/converter/PHP-USD-converter,1142,1102,2,汇款到 菲律宾
https://www.biyapay.com/zh/converter/THB-USD-converter,1142,1102,2,汇款到 泰国
https://www.biyapay.com/en/converter/HKD-MYR-converter,1142,1102,2,HKD> MYR
https://www.biyapay.com/en/converter/DKK-USD-converter,1142,1102,2,Send money to Denmark
https://www.biyapay.com/zh/converter/HKD-TRY-converter,1142,1102,2,HKD> TRY
https://www.biyapay.com/en/converter/SEK-USD-converter,1142,1102,2,Send money to Sweden
https://www.biyapay.com/en/converter/HKD-PLN-converter,1142,1102,2,HKD> PLN
https://www.biyapay.com/en/converter/CZK-USD-converter,1142,1102,2,Send money to Czech Republic
https://www.biyapay.com/en/converter/GBP-USD-converter,1142,1102,2,Send money to United Kingdom
https://www.biyapay.com/zh/converter/AUD-USD-converter,1142,1102,2,汇款到 澳大利亚
https://www.biyapay.com/en/converter/NOK-USD-converter,1142,1102,2,Send money to Norway
https://www.biyapay.com/en/converter/NZD-USD-converter,1142,1102,2,Send money to New Zealand
https://www.biyapay.com/en/converter/TRY-USD-converter,1142,1102,2,Send money to Turkey
https://www.biyapay.com/zh/converter/HKD-KRW-converter,1142,1102,2,HKD> KRW
https://www.biyapay.com/zh/converter/HKD-ZAR-converter,1142,1102,2,HKD> ZAR
https://www.biyapay.com/zh/converter/MAD-USD-converter,1142,1102,2,汇款到 摩洛哥
https://www.biyapay.com/en/converter/HKD-SEK-converter,1142,1102,2,HKD> SEK
https://www.biyapay.com/zh/converter/SGD-USD-converter,1142,1102,2,汇款到 新加坡
https://www.biyapay.com/en/converter/HKD-MAD-converter,1142,1102,2,HKD> MAD
https://www.biyapay.com/zh/converter/MAD-NOK-converter,1141,1101,2,MAD> NOK
https://www.biyapay.com/zh/converter/SGD-DKK-converter,1141,1101,2,SGD> DKK
https://www.biyapay.com/zh/converter/VND-THB-converter,1141,1101,2,汇款到 越南
https://www.biyapay.com/en/converter/PLN-NPR-converter,1141,1101,2,Send money to Poland
https://www.biyapay.com/en/converter/KRW-GBP-converter,1141,1101,2,KRW> GBP
https://www.biyapay.com/en/converter/RON-MOP-converter,1141,1101,2,Send money to Romania
https://www.biyapay.com/zh/converter/AUD-GBP-converter,1141,1101,2,AUD> GBP
https://www.biyapay.com/zh/converter/SEK-VND-converter,1141,1101,2,汇款到 瑞典
https://www.biyapay.com/en/converter/PHP-PKR-converter,1141,1101,2,PHP> PKR
https://www.biyapay.com/zh/converter/SEK-MYR-converter,1141,1101,2,汇款到 瑞典
https://www.biyapay.com/zh/converter/IDR-DKK-converter,1141,1101,2,IDR> DKK
https://www.biyapay.com/zh/converter/AED-VND-converter,1141,1101,2,AED> VND
https://www.biyapay.com/zh/converter/PKR-NPR-converter,1141,1101,2,PKR> NPR
https://www.biyapay.com/zh/converter/VND-ZAR-converter,1141,1101,2,汇款到 越南
https://www.biyapay.com/zh/converter/PKR-JPY-converter,1141,1101,2,PKR> JPY
https://www.biyapay.com/zh/converter/SEK-NPR-converter,1141,1101,2,汇款到 瑞典
https://www.biyapay.com/zh/converter/CZK-IDR-converter,1141,1101,2,CZK> IDR
https://www.biyapay.com/zh/converter/MYR-KRW-converter,1141,1101,2,汇款到 马来西亚
https://www.biyapay.com/en/converter/PLN-MYR-converter,1141,1101,2,Send money to Poland
https://www.biyapay.com/en/converter/SGD-NPR-converter,1141,1101,2,Send money to Singapore
https://www.biyapay.com/en/converter/CZK-EUR-converter,1141,1101,2,Send money to Czech Republic
https://www.biyapay.com/en/converter/KRW-TRY-converter,1141,1101,2,KRW> TRY
https://www.biyapay.com/zh/converter/DKK-SEK-converter,1141,1101,2,汇款到 丹麦
https://www.biyapay.com/en/converter/SGD-NZD-converter,1141,1101,2,Send money to Singapore
https://www.biyapay.com/en/converter/TRY-AUD-converter,1141,1101,2,TRY> AUD
https://www.biyapay.com/en/converter/JPY-CAD-converter,1141,1101,2,Send money to Japan
https://www.biyapay.com/zh/converter/CAD-INR-converter,1141,1101,2,CAD> INR
https://www.biyapay.com/zh/converter/PKR-INR-converter,1141,1101,2,PKR> INR
https://www.biyapay.com/en/converter/THB-MAD-converter,1141,1101,2,Send money to Thailand
https://www.biyapay.com/en/converter/SEK-EUR-converter,1141,1101,2,Send money to Sweden
https://www.biyapay.com/en/converter/CAD-TRY-converter,1141,1101,2,CAD> TRY
https://www.biyapay.com/zh/converter/PHP-NZD-converter,1141,1101,2,PHP> NZD
https://www.biyapay.com/zh/converter/RON-PLN-converter,1141,1101,2,RON> PLN
https://www.biyapay.com/en/converter/MYR-CZK-converter,1141,1101,2,Send money to Malaysia
https://www.biyapay.com/zh/converter/AUD-DKK-converter,1141,1101,2,AUD> DKK
https://www.biyapay.com/zh/converter/PHP-PKR-converter,1141,1101,2,汇款到 菲律宾
https://www.biyapay.com/en/converter/GBP-EUR-converter,1141,1101,2,GBP> EUR
https://www.biyapay.com/en/converter/PLN-IDR-converter,1141,1101,2,Send money to Poland
